State_name,year,month,day_endofweek,statefips,Date,DeltaNewCases,DeltaNewDeaths,Day_Count,Restricted,Restricted_2_weeks,Restrictions_longer_3weeks,Restricted_indoor_dining,dataobsID
Alabama,2020,9,19,1,9/19/2020,-0.177489177,-0.293296089,21,0,0,0,0,9191
Alaska,2020,9,19,2,9/19/2020,0.019417476,-0.800204918,21,0,0,0,0,9192
Arizona,2020,9,19,4,9/19/2020,0.284848485,-0.214470284,21,0,0,0,0,9194
Arkansas,2020,9,19,5,9/19/2020,0.126637555,0.919385797,21,0,0,0,0,9195
California,2020,9,19,6,9/19/2020,-0.2912,-0.14137931,21,0,0,0,0,9196
Colorado,2020,9,19,8,9/19/2020,0.661386139,-0.124685139,21,0,0,0,0,9198
Connecticut,2020,9,19,9,9/19/2020,0.378223496,3.008333333,21,0,0,0,0,9199
Delaware,2020,9,19,10,9/19/2020,0.329987453,0.99318569,21,0,0,0,0,91910
District Of Columbia,2020,9,19,11,9/19/2020,0.116719243,-0.498347107,21,0,0,0,0,91911
Florida,2020,9,19,12,9/19/2020,-0.206060606,-0.027659574,21,0,0,0,0,91912
Georgia,2020,9,19,13,9/19/2020,-0.131868132,-0.216730038,21,0,0,0,0,91913
Hawaii,2020,9,19,15,9/19/2020,-0.510828025,0.045045045,21,0,0,0,0,91915
Idaho,2020,9,19,16,9/19/2020,0.01242236,-0.074074074,21,0,0,0,0,91916
Illinois,2020,9,19,17,9/19/2020,-0.233160622,-0.162303665,21,0,0,0,0,91917
Indiana,2020,9,19,18,9/19/2020,-0.057142857,-0.141104294,21,0,0,0,0,91918
Iowa,2020,9,19,19,9/19/2020,-0.045283019,-0.144578313,21,0,0,0,0,91919
Kansas,2020,9,19,20,9/19/2020,-0.02955665,0.907407407,21,0,0,0,0,91920
Kentucky,2020,9,19,21,9/19/2020,-0.2,-0.534351145,21,0,0,0,0,91921
Louisiana,2020,9,19,22,9/19/2020,-0.22754491,0.052109181,21,0,0,0,0,91922
Maine,2020,9,19,23,9/19/2020,0.132275132,0.995305164,21,0,0,0,0,91923
Maryland,2020,9,19,24,9/19/2020,-0.019607843,-0.199152542,21,0,0,0,0,91924
Massachusetts,2020,9,19,25,9/19/2020,0.158898305,0.234939759,21,0,0,0,0,91925
Michigan,2020,9,19,26,9/19/2020,-0.0202977,-0.064261556,21,0,0,0,0,91926
Minnesota,2020,9,19,27,9/19/2020,-0.090909091,0.425742574,21,0,0,0,0,91927
Mississippi,2020,9,19,28,9/19/2020,-0.224299065,-0.127565982,21,0,0,0,0,91928
Missouri,2020,9,19,29,9/19/2020,0.0969163,-0.104477612,21,0,0,0,0,91929
Montana,2020,9,19,30,9/19/2020,0.357723577,0.8375,21,0,0,0,0,91930
Nebraska,2020,9,19,31,9/19/2020,0.309210526,-0.467567568,21,0,0,0,0,91931
Nevada,2020,9,19,32,9/19/2020,-0.140495868,-0.138613861,21,0,0,0,0,91932
New Jersey,2020,9,19,34,9/19/2020,0.222506394,-0.288277512,21,0,0,0,0,91934
New Mexico,2020,9,19,35,9/19/2020,-0.021922428,-0.161137441,21,0,0,0,0,91935
New York,2020,9,19,36,9/19/2020,0.005063291,-0.052505967,21,0,0,0,0,91936
North Carolina,2020,9,19,37,9/19/2020,-0.201388889,-0.086021505,21,0,0,0,0,91937
North Dakota,2020,9,19,38,9/19/2020,0.325648415,0.790076336,21,0,0,0,0,91938
Ohio,2020,9,19,39,9/19/2020,-0.17184466,0.547169811,21,0,0,0,0,91939
Oklahoma,2020,9,19,40,9/19/2020,0.222748815,-0.167539267,21,0,0,0,0,91940
Oregon,2020,9,19,41,9/19/2020,-0.077358491,0,21,0,0,0,0,91941
Pennsylvania,2020,9,19,42,9/19/2020,-0.017214397,0.166666667,21,0,0,0,0,91942
Rhode Island,2020,9,19,44,9/19/2020,0.276821192,0.892561983,21,0,0,0,0,91944
South Carolina,2020,9,19,45,9/19/2020,0.030769231,-0.173038229,21,0,0,0,0,91945
South Dakota,2020,9,19,46,9/19/2020,0.031847134,1.837977296,21,0,0,0,0,91946
Tennessee,2020,9,19,47,9/19/2020,-0.009049774,0.107266436,21,0,0,0,0,91947
Texas,2020,9,19,48,9/19/2020,0.055172414,-0.20131291,21,0,0,0,0,91948
Utah,2020,9,19,49,9/19/2020,0.953125,-0.538860104,21,0,0,0,0,91949
Virginia,2020,9,19,51,9/19/2020,-0.034482759,1.467032967,21,0,0,0,0,91951
Washington,2020,9,19,53,9/19/2020,-0.045217391,0.020255864,21,0,0,0,0,91953
West Virginia,2020,9,19,54,9/19/2020,0.028571429,0.388663968,21,0,0,0,0,91954
Wisconsin,2020,9,19,55,9/19/2020,1.177304965,-0.355084746,21,0,0,0,0,91955
Wyoming,2020,9,19,56,9/19/2020,1.171532847,0.406504065,21,0,0,0,0,91956
Alabama,2020,9,26,1,9/26/2020,0.270588235,-0.150684932,28,0,0,0,0,9261
Alaska,2020,9,26,2,9/26/2020,0.128440367,1.992327366,28,0,0,0,0,9262
Arizona,2020,9,26,4,9/26/2020,0.255859375,0.392523364,28,0,0,0,0,9264
Arkansas,2020,9,26,5,9/26/2020,0.25,0.194174757,28,0,0,0,0,9265
California,2020,9,26,6,9/26/2020,0.027058824,-0.097345133,28,0,0,0,0,9266
Colorado,2020,9,26,8,9/26/2020,1.194616977,0.561712846,28,0,0,0,0,9268
Connecticut,2020,9,26,9,9/26/2020,0.103896104,-0.249480249,28,0,0,0,0,9269
Delaware,2020,9,26,10,9/26/2020,-0.147540984,1.397820163,28,0,0,0,0,92610
District Of Columbia,2020,9,26,11,9/26/2020,-0.003144654,0,28,0,0,0,0,92611
Florida,2020,9,26,12,9/26/2020,-0.016949153,-0.068571429,28,0,0,0,0,92612
Georgia,2020,9,26,13,9/26/2020,-0.140939597,0.019704433,28,0,0,0,0,92613
Hawaii,2020,9,26,15,9/26/2020,-0.3125,-0.152671756,28,0,0,0,0,92615
Idaho,2020,9,26,16,9/26/2020,0.639705882,-0.366666667,28,0,0,0,0,92616
Illinois,2020,9,26,17,9/26/2020,0.132352941,0.125786164,28,0,0,0,0,92617
Indiana,2020,9,26,18,9/26/2020,0.024793388,-0.012578616,28,0,0,0,0,92618
Iowa,2020,9,26,19,9/26/2020,0.357843137,-0.075,28,0,0,0,0,92619
Kansas,2020,9,26,20,9/26/2020,0.323170732,-0.256,28,0,0,0,0,92620
Kentucky,2020,9,26,21,9/26/2020,0.195488722,-0.274881517,28,0,0,0,0,92621
Louisiana,2020,9,26,22,9/26/2020,-0.191780822,-0.376218324,28,0,0,0,0,92622
Maine,2020,9,26,23,9/26/2020,0.350282486,0,28,0,0,0,0,92623
Maryland,2020,9,26,24,9/26/2020,-0.145903479,0.227513228,28,0,0,0,0,92624
Massachusetts,2020,9,26,25,9/26/2020,0.224279835,0.198795181,28,0,0,0,0,92625
Michigan,2020,9,26,26,9/26/2020,0.082224909,-0.278911565,28,0,0,0,0,92626
Minnesota,2020,9,26,27,9/26/2020,0.874334398,-0.251798561,28,0,0,0,0,92627
Mississippi,2020,9,26,28,9/26/2020,0.139072848,-0.120287253,28,0,0,0,0,92628
Missouri,2020,9,26,29,9/26/2020,0.188073394,1.88372093,28,0,0,0,0,92629
Montana,2020,9,26,30,9/26/2020,1.27184466,-0.170124481,28,0,0,0,0,92630
Nebraska,2020,9,26,31,9/26/2020,0.217647059,-0.207171315,28,0,0,0,0,92631
Nevada,2020,9,26,32,9/26/2020,0.392016377,-0.126712329,28,0,0,0,0,92632
New Hampshire,2020,9,26,33,9/26/2020,-0.120833333,-0.666666667,28,0,0,0,0,92633
New Jersey,2020,9,26,34,9/26/2020,0.363636364,-0.072485207,28,0,0,0,0,92634
New Mexico,2020,9,26,35,9/26/2020,0.923444976,0.097902098,28,0,0,0,0,92635
New York,2020,9,26,36,9/26/2020,0.179775281,-0.26035503,28,0,0,0,0,92636
North Carolina,2020,9,26,37,9/26/2020,0.657657658,0.23853211,28,0,0,0,0,92637
North Dakota,2020,9,26,38,9/26/2020,0.529411765,2.184466019,28,0,0,0,0,92638
Ohio,2020,9,26,39,9/26/2020,-0.047044632,-0.174603175,28,0,0,0,0,92639
Oklahoma,2020,9,26,40,9/26/2020,0.404040404,0.242937853,28,0,0,0,0,92640
Oregon,2020,9,26,41,9/26/2020,0.525,-0.0436457,28,0,0,0,0,92641
Pennsylvania,2020,9,26,42,9/26/2020,0.063865546,0.908045977,28,0,0,0,0,92642
Rhode Island,2020,9,26,44,9/26/2020,-0.152295633,0.185185185,28,0,0,0,0,92644
South Carolina,2020,9,26,45,9/26/2020,0.411392405,-0.170353982,28,0,0,0,0,92645
South Dakota,2020,9,26,46,9/26/2020,0.736,0.807453416,28,0,0,0,0,92646
Tennessee,2020,9,26,47,9/26/2020,0.060773481,-0.238770686,28,0,0,0,0,92647
Texas,2020,9,26,48,9/26/2020,1.098214286,-0.078431373,28,0,0,0,0,92648
Utah,2020,9,26,49,9/26/2020,1.284615385,-0.385146805,28,0,0,0,0,92649
Virginia,2020,9,26,51,9/26/2020,-0.204132231,2.426294821,28,0,0,0,0,92651
Washington,2020,9,26,53,9/26/2020,0.18641115,0.786743516,28,0,0,0,0,92653
West Virginia,2020,9,26,54,9/26/2020,0.038696538,0.091428571,28,0,0,0,0,92654
Wisconsin,2020,9,26,55,9/26/2020,0.930107527,0.01980198,28,0,0,0,0,92655
Alabama,2020,10,3,1,10/3/2020,0.042105263,-0.343873518,35,0,0,0,0,1031
Alaska,2020,10,3,2,10/3/2020,0.60952381,5,35,0,0,0,0,1032
Arizona,2020,10,3,4,10/3/2020,-0.337735849,-0.470394737,35,0,0,0,0,1034
Arkansas,2020,10,3,5,10/3/2020,0.058139535,-0.422,35,0,0,0,0,1035
California,2020,10,3,6,10/3/2020,-0.090293454,-0.224899598,35,0,0,0,0,1036
Colorado,2020,10,3,8,10/3/2020,0.169249106,-0.143884892,35,0,0,0,0,1038
Connecticut,2020,10,3,9,10/3/2020,0.424116424,0,35,0,0,0,0,1039
Delaware,2020,10,3,10,10/3/2020,0.339622642,0.504273504,35,0,0,0,0,10310
District Of Columbia,2020,10,3,11,10/3/2020,-0.262711864,0.663920923,35,0,0,0,0,10311
Florida,2020,10,3,12,10/3/2020,-0.190839695,-0.118161926,35,0,0,0,0,10312
Georgia,2020,10,3,13,10/3/2020,-0.284810127,-0.300970874,35,0,0,0,0,10313
Hawaii,2020,10,3,15,10/3/2020,-0.053385417,-0.043103448,35,0,0,0,0,10315
Idaho,2020,10,3,16,10/3/2020,0.613496933,-0.2,35,0,0,0,0,10316
Illinois,2020,10,3,17,10/3/2020,0.074324324,0.3125,35,0,0,0,0,10317
Indiana,2020,10,3,18,10/3/2020,0.21969697,0.392857143,35,0,0,0,0,10318
Iowa,2020,10,3,19,10/3/2020,0.146245059,0.422535211,35,0,0,0,0,10319
Kansas,2020,10,3,20,10/3/2020,0.14213198,0.01618123,35,0,0,0,0,10320
Kentucky,2020,10,3,21,10/3/2020,0.134615385,0.418032787,35,0,0,0,0,10321
Louisiana,2020,10,3,22,10/3/2020,-0.124031008,-0.268867925,35,0,0,0,0,10322
Maine,2020,10,3,23,10/3/2020,0.121495327,-0.498823529,35,0,0,0,0,10323
Maryland,2020,10,3,24,10/3/2020,-0.086,-0.2,35,0,0,0,0,10324
Massachusetts,2020,10,3,25,10/3/2020,0.610603291,0.170731707,35,0,0,0,0,10325
Michigan,2020,10,3,26,10/3/2020,0.356353591,0.397590361,35,0,0,0,0,10326
Minnesota,2020,10,3,27,10/3/2020,0.392307692,0.229166667,35,0,0,0,0,10327
Mississippi,2020,10,3,28,10/3/2020,0.012048193,-0.193277311,35,0,0,0,0,10328
Missouri,2020,10,3,29,10/3/2020,-0.076305221,-0.0125,35,0,0,0,0,10329
Montana,2020,10,3,30,10/3/2020,1.035928144,-0.319727891,35,0,0,0,0,10330
Nebraska,2020,10,3,31,10/3/2020,0.412060302,1.368866328,35,0,0,0,0,10331
Nevada,2020,10,3,32,10/3/2020,0.5,-0.465517241,35,0,0,0,0,10332
New Hampshire,2020,10,3,33,10/3/2020,0.773049645,0,35,0,0,0,0,10333
New Jersey,2020,10,3,34,10/3/2020,0.587866109,-0.134453782,35,0,0,0,0,10334
New Mexico,2020,10,3,35,10/3/2020,0.879310345,-0.231638418,35,0,0,0,0,10335
New York,2020,10,3,36,10/3/2020,0.591939547,0.498740554,35,0,0,0,0,10336
North Carolina,2020,10,3,37,10/3/2020,0.27826087,0.007843137,35,0,0,0,0,10337
North Dakota,2020,10,3,38,10/3/2020,0.12173913,0.759061834,35,0,0,0,0,10338
Ohio,2020,10,3,39,10/3/2020,0.13950762,-0.081300813,35,0,0,0,0,10339
Oklahoma,2020,10,3,40,10/3/2020,0.011627907,0.06918239,35,0,0,0,0,10340
Oregon,2020,10,3,41,10/3/2020,0.337423313,0.045637584,35,0,0,0,0,10341
Pennsylvania,2020,10,3,42,10/3/2020,0.125796178,-0.166666667,35,0,0,0,0,10342
Rhode Island,2020,10,3,44,10/3/2020,0.255186722,-0.35371179,35,0,0,0,0,10344
South Carolina,2020,10,3,45,10/3/2020,-0.223880597,-0.197080292,35,0,0,0,0,10345
South Dakota,2020,10,3,46,10/3/2020,0.422839506,0.76,35,0,0,0,0,10346
Tennessee,2020,10,3,47,10/3/2020,-0.173515982,0.221875,35,0,0,0,0,10347
Texas,2020,10,3,48,10/3/2020,0.117647059,-0.126027397,35,0,0,0,0,10348
Utah,2020,10,3,49,10/3/2020,0.188,3.68164794,35,0,0,0,0,10349
Virginia,2020,10,3,51,10/3/2020,-0.19375,-0.530066815,35,0,0,0,0,10351
Washington,2020,10,3,53,10/3/2020,0.245901639,-0.176593521,35,0,0,0,0,10353
West Virginia,2020,10,3,54,10/3/2020,-0.037037037,-0.419825073,35,0,0,0,0,10354
Wisconsin,2020,10,3,55,10/3/2020,0.42019544,1.96977661,35,0,0,0,0,10355
Wyoming,2020,10,3,56,10/3/2020,0.865546218,-0.571676301,35,0,0,0,0,10356
Alabama,2020,10,10,1,10/10/2020,-0.171296296,0.661290323,42,0,0,0,0,10101
Alaska,2020,10,10,2,10/10/2020,0.967479675,-0.665811966,42,0,0,0,0,10102
Arizona,2020,10,10,4,10/10/2020,0.398133748,-0.644295302,42,0,0,0,0,10104
Arkansas,2020,10,10,5,10/10/2020,0.018867925,0.394308943,42,0,0,0,0,10105
California,2020,10,10,6,10/10/2020,-0.054982818,-0.210784314,42,0,0,0,0,10106
Colorado,2020,10,10,8,10/10/2020,0.198113208,1,42,0,0,0,0,10108
Connecticut,2020,10,10,9,10/10/2020,0.642352941,0.886426593,42,0,0,0,0,10109
Delaware,2020,10,10,10,10/10/2020,0.230769231,-0.335227273,42,0,0,0,0,101010
District Of Columbia,2020,10,10,11,10/10/2020,0.421135647,0.405940594,42,0,0,0,0,101011
Florida,2020,10,10,12,10/10/2020,-0.178448276,-0.241308793,42,0,0,0,0,101012
Georgia,2020,10,10,13,10/10/2020,2.09375,-0.183574879,42,0,0,0,0,101013
Hawaii,2020,10,10,15,10/10/2020,-0.08951049,0.36036036,42,0,0,0,0,101015
Idaho,2020,10,10,16,10/10/2020,0.515695067,0.473684211,42,0,0,0,0,101016
Illinois,2020,10,10,17,10/10/2020,0.207792208,0.273743017,42,0,0,0,0,101017
Indiana,2020,10,10,18,10/10/2020,0.60483871,0.52866242,42,0,0,0,0,101018
Iowa,2020,10,10,19,10/10/2020,0.111913357,0.612612613,42,0,0,0,0,101019
Kansas,2020,10,10,20,10/10/2020,0.073732719,0.844086022,42,0,0,0,0,101020
Kentucky,2020,10,10,21,10/10/2020,0.220125786,0.130718954,42,0,0,0,0,101021
Louisiana,2020,10,10,22,10/10/2020,0.194915254,-0.134375,42,0,0,0,0,101022
Maine,2020,10,10,23,10/10/2020,-0.066945607,0,42,0,0,0,0,101023
Maryland,2020,10,10,24,10/10/2020,0.23390276,-0.225862069,42,0,0,0,0,101024
Massachusetts,2020,10,10,25,10/10/2020,0.406722689,-0.165829146,42,0,0,0,0,101025
Michigan,2020,10,10,26,10/10/2020,0.30726257,0.29245283,42,0,0,0,0,101026
Minnesota,2020,10,10,27,10/10/2020,0.159090909,0.413461538,42,0,0,0,0,101027
Mississippi,2020,10,10,28,10/10/2020,0.25,-0.167346939,42,0,0,0,0,101028
Missouri,2020,10,10,29,10/10/2020,0.200772201,0.233870968,42,0,0,0,0,101029
Montana,2020,10,10,30,10/10/2020,1.072649573,0.535,42,0,0,0,0,101030
Nebraska,2020,10,10,31,10/10/2020,0.599033816,-0.185929648,42,0,0,0,0,101031
Nevada,2020,10,10,32,10/10/2020,0.242647059,-0.345098039,42,0,0,0,0,101032
New Hampshire,2020,10,10,33,10/10/2020,1.464454976,12.04761905,42,0,0,0,0,101033
New Jersey,2020,10,10,34,10/10/2020,0.496491228,-0.076555024,42,0,0,0,0,101034
New Mexico,2020,10,10,35,10/10/2020,1.052238806,-0.261146497,42,0,0,0,0,101035
New York,2020,10,10,36,10/10/2020,0.711904762,1.38,42,0,0,0,0,101036
North Carolina,2020,10,10,37,10/10/2020,-0.043478261,-0.3,42,0,0,0,0,101037
North Dakota,2020,10,10,38,10/10/2020,0.259615385,0.890243902,42,0,0,0,0,101038
Ohio,2020,10,10,39,10/10/2020,0.46835443,-0.435897436,42,0,0,0,0,101039
Oklahoma,2020,10,10,40,10/10/2020,0.021582734,-0.277272727,42,0,0,0,0,101040
Oregon,2020,10,10,41,10/10/2020,0.217585693,0.272483221,42,0,0,0,0,101041
Pennsylvania,2020,10,10,42,10/10/2020,0.674565561,0.006024096,42,0,0,0,0,101042
Rhode Island,2020,10,10,44,10/10/2020,1.166446499,-0.3671875,42,0,0,0,0,101044
South Carolina,2020,10,10,45,10/10/2020,-0.286995516,-0.194666667,42,0,0,0,0,101045
South Dakota,2020,10,10,46,10/10/2020,0.474654378,1.109965636,42,0,0,0,0,101046
Tennessee,2020,10,10,47,10/10/2020,0.385416667,0.267080745,42,0,0,0,0,101047
Texas,2020,10,10,48,10/10/2020,-0.361702128,-0.133738602,42,0,0,0,0,101048
Utah,2020,10,10,49,10/10/2020,0.269360269,3.494382022,42,0,0,0,0,101049
Virginia,2020,10,10,51,10/10/2020,0.235721703,-0.453488372,42,0,0,0,0,101051
Washington,2020,10,10,53,10/10/2020,0.118942731,-0.228225806,42,0,0,0,0,101053
West Virginia,2020,10,10,54,10/10/2020,0.12745098,0,42,0,0,0,0,101054
Wisconsin,2020,10,10,55,10/10/2020,0.211699164,1.067961165,42,0,0,0,0,101055
Wyoming,2020,10,10,56,10/10/2020,0.591715976,0,42,0,0,0,0,101056
Alabama,2020,10,17,1,10/17/2020,0.050505051,1.174698795,49,0,0,0,0,10171
Alaska,2020,10,17,2,10/17/2020,0.573964497,0.170940171,49,0,0,0,0,10172
Arizona,2020,10,17,4,10/17/2020,0.524216524,-0.204968944,49,0,0,0,0,10174
Arkansas,2020,10,17,5,10/17/2020,0.076923077,0.081314879,49,0,0,0,0,10175
California,2020,10,17,6,10/17/2020,-0.014888337,-0.305699482,49,0,0,0,0,10176
Colorado,2020,10,17,8,10/17/2020,0.712538226,2.243697479,49,0,0,0,0,10178
Connecticut,2020,10,17,9,10/17/2020,0.635036496,0,49,0,0,0,0,10179
Delaware,2020,10,17,10,10/17/2020,-0.028169014,-0.085227273,49,0,0,0,0,101710
District Of Columbia,2020,10,17,11,10/17/2020,0.61302682,0,49,0,0,0,0,101711
Florida,2020,10,17,12,10/17/2020,0.481132075,0.205955335,49,0,0,0,0,101712
Georgia,2020,10,17,13,10/17/2020,0.442477876,-0.038194444,49,0,0,0,0,101713
Hawaii,2020,10,17,15,10/17/2020,-0.21045392,-0.18018018,49,0,0,0,0,101715
Idaho,2020,10,17,16,10/17/2020,0.414448669,0.2,49,0,0,0,0,101716
Illinois,2020,10,17,17,10/17/2020,0.735849057,0.280952381,49,0,0,0,0,101717
Indiana,2020,10,17,18,10/17/2020,0.664596273,0.482051282,49,0,0,0,0,101718
Iowa,2020,10,17,19,10/17/2020,0.186206897,0.01650165,49,0,0,0,0,101719
Kansas,2020,10,17,20,10/17/2020,0.182222222,0.420382166,49,0,0,0,0,101720
Kentucky,2020,10,17,21,10/17/2020,0.299435028,0.294797688,49,0,0,0,0,101721
Louisiana,2020,10,17,22,10/17/2020,0.17699115,-0.087096774,49,0,0,0,0,101722
Maine,2020,10,17,23,10/17/2020,-0.0375,0.497652582,49,0,0,0,0,101723
Maryland,2020,10,17,24,10/17/2020,0.105032823,0.281746032,49,0,0,0,0,101724
Massachusetts,2020,10,17,25,10/17/2020,0.079455165,0.175,49,0,0,0,0,101725
Michigan,2020,10,17,26,10/17/2020,0.435845214,0.25862069,49,0,0,0,0,101726
Minnesota,2020,10,17,27,10/17/2020,0.436464088,0.231638418,49,0,0,0,0,101727
Mississippi,2020,10,17,28,10/17/2020,0.535714286,-0.25,49,0,0,0,0,101728
Missouri,2020,10,17,29,10/17/2020,0.260869565,0.5907173,49,0,0,0,0,101729
Montana,2020,10,17,30,10/17/2020,0.638235294,1.07,49,0,0,0,0,101730
Nebraska,2020,10,17,31,10/17/2020,0.430604982,0.685714286,49,0,0,0,0,101731
Nevada,2020,10,17,32,10/17/2020,0.301282051,0.247311828,49,0,0,0,0,101732
New Hampshire,2020,10,17,33,10/17/2020,0.12,2.682539683,49,0,0,0,0,101733
New Jersey,2020,10,17,34,10/17/2020,0.242424242,0.031067961,49,0,0,0,0,101734
New Mexico,2020,10,17,35,10/17/2020,1.266055046,0.102941176,49,0,0,0,0,101735
New York,2020,10,17,36,10/17/2020,0.132911392,0.03697479,49,0,0,0,0,101736
North Carolina,2020,10,17,37,10/17/2020,0.306122449,-0.105058366,49,0,0,0,0,101737
North Dakota,2020,10,17,38,10/17/2020,0.684108527,0.454545455,49,0,0,0,0,101738
Ohio,2020,10,17,39,10/17/2020,0.604938272,-0.621681416,49,0,0,0,0,101739
Oklahoma,2020,10,17,40,10/17/2020,0.091954023,0.552941176,49,0,0,0,0,101740
Oregon,2020,10,17,41,10/17/2020,0.23853211,-0.0436457,49,0,0,0,0,101741
Pennsylvania,2020,10,17,42,10/17/2020,0.555869873,0.20952381,49,0,0,0,0,101742
Rhode Island,2020,10,17,44,10/17/2020,0.553719008,1.006756757,49,0,0,0,0,101744
South Carolina,2020,10,17,45,10/17/2020,0.173076923,-0.275757576,49,0,0,0,0,101745
South Dakota,2020,10,17,46,10/17/2020,0.63340564,-0.033057851,49,0,0,0,0,101746
Tennessee,2020,10,17,47,10/17/2020,0.502762431,-0.219948849,49,0,0,0,0,101747
Texas,2020,10,17,48,10/17/2020,-0.011695906,-0.228840125,49,0,0,0,0,101748
Utah,2020,10,17,49,10/17/2020,0.28956229,0.032,49,0,0,0,0,101749
Virginia,2020,10,17,51,10/17/2020,0.362126246,-0.45971564,49,0,0,0,0,101751
Washington,2020,10,17,53,10/17/2020,0.324561404,0.19035533,49,0,0,0,0,101753
West Virginia,2020,10,17,54,10/17/2020,0.442307692,-0.281407035,49,0,0,0,0,101754
Wisconsin,2020,10,17,55,10/17/2020,0.119266055,0.283185841,49,0,0,0,0,101755
Wyoming,2020,10,17,56,10/17/2020,0.513513514,0,49,0,0,0,0,101756
Alabama,2020,10,24,1,10/24/2020,0.888268156,-0.265372168,56,0,0,0,0,10241
Alaska,2020,10,24,2,10/24/2020,0.396694215,-0.501278772,56,0,0,0,0,10242
Arizona,2020,10,24,4,10/24/2020,0.412680756,-0.148113208,56,0,0,0,0,10244
Arkansas,2020,10,24,5,10/24/2020,0.207407407,-0.220116618,56,0,0,0,0,10245
California,2020,10,24,6,10/24/2020,0.333333333,-0.093167702,56,0,0,0,0,10246
Colorado,2020,10,24,8,10/24/2020,0.795275591,-0.161290323,56,0,0,0,0,10248
Connecticut,2020,10,24,9,10/24/2020,0.848137536,1.055800294,56,0,0,0,0,10249
Delaware,2020,10,24,10,10/24/2020,0.0390625,1.008547009,56,0,0,0,0,102410
District Of Columbia,2020,10,24,11,10/24/2020,-0.164261931,-0.857746479,56,0,0,0,0,102411
Florida,2020,10,24,12,10/24/2020,0.65792235,-0.102425876,56,0,0,0,0,102412
Georgia,2020,10,24,13,10/24/2020,-0.608585859,-0.218934911,56,0,0,0,0,102413
Hawaii,2020,10,24,15,10/24/2020,-0.062980031,0.735099338,56,0,0,0,0,102415
Idaho,2020,10,24,16,10/24/2020,0.50887574,0.464285714,56,0,0,0,0,102416
Illinois,2020,10,24,17,10/24/2020,0.892473118,0.438596491,56,0,0,0,0,102417
Indiana,2020,10,24,18,10/24/2020,0.542713568,0.766666667,56,0,0,0,0,102418
Iowa,2020,10,24,19,10/24/2020,0.214285714,0.340782123,56,0,0,0,0,102419
Kansas,2020,10,24,20,10/24/2020,0.17167382,0.658892128,56,0,0,0,0,102420
Kentucky,2020,10,24,21,10/24/2020,0.427835052,0.959537572,56,0,0,0,0,102421
Louisiana,2020,10,24,22,10/24/2020,0.063829787,0.032490975,56,0,0,0,0,102422
Maine,2020,10,24,23,10/24/2020,0.067264574,-1,56,0,0,0,0,102423
Maryland,2020,10,24,24,10/24/2020,0.107561235,0.44766147,56,0,0,0,0,102424
Massachusetts,2020,10,24,25,10/24/2020,0.624850657,0.445783133,56,0,0,0,0,102425
Michigan,2020,10,24,26,10/24/2020,0.974358974,1.080291971,56,0,0,0,0,102426
Minnesota,2020,10,24,27,10/24/2020,0.367647059,0.911564626,56,0,0,0,0,102427
Mississippi,2020,10,24,28,10/24/2020,0.134883721,-0.012254902,56,0,0,0,0,102428
Missouri,2020,10,24,29,10/24/2020,-0.019292605,-0.205882353,56,0,0,0,0,102429
Montana,2020,10,24,30,10/24/2020,0.340206186,1.394136808,56,0,0,0,0,102430
Nebraska,2020,10,24,31,10/24/2020,0.311178248,1.098765432,56,0,0,0,0,102431
Nevada,2020,10,24,32,10/24/2020,0.396449704,0.02994012,56,0,0,0,0,102432
New Hampshire,2020,10,24,33,10/24/2020,0.238461538,-0.46350365,56,0,0,0,0,102433
New Jersey,2020,10,24,34,10/24/2020,0.617819461,1.141623489,56,0,0,0,0,102434
New Mexico,2020,10,24,35,10/24/2020,0.939393939,1.112068966,56,0,0,0,0,102435
New York,2020,10,24,36,10/24/2020,0.11821975,0.11092437,56,0,0,0,0,102436
North Carolina,2020,10,24,37,10/24/2020,0.113636364,0.55026455,56,0,0,0,0,102437
North Dakota,2020,10,24,38,10/24/2020,0.603053435,-0.258870968,56,0,0,0,0,102438
Ohio,2020,10,24,39,10/24/2020,0.637931034,0.931818182,56,0,0,0,0,102439
Oklahoma,2020,10,24,40,10/24/2020,0.165492958,0.748427673,56,0,0,0,0,102440
Oregon,2020,10,24,41,10/24/2020,0.004895961,0.139240506,56,0,0,0,0,102441
Pennsylvania,2020,10,24,42,10/24/2020,0.235849057,0.245508982,56,0,0,0,0,102442
Rhode Island,2020,10,24,44,10/24/2020,0.993902439,1.080246914,56,0,0,0,0,102444
South Carolina,2020,10,24,45,10/24/2020,0.06918239,0.433774834,56,0,0,0,0,102445
South Dakota,2020,10,24,46,10/24/2020,0.3953125,0.342019544,56,0,0,0,0,102446
Tennessee,2020,10,24,47,10/24/2020,0.383458647,-0.014705882,56,0,0,0,0,102447
Texas,2020,10,24,48,10/24/2020,0.4,-0.171929825,56,0,0,0,0,102448
Utah,2020,10,24,49,10/24/2020,0.161803714,-0.25,56,0,0,0,0,102449
Virginia,2020,10,24,51,10/24/2020,0,0.85106383,56,0,0,0,0,102451
Washington,2020,10,24,53,10/24/2020,0.161417323,0.118077325,56,0,0,0,0,102453
West Virginia,2020,10,24,54,10/24/2020,0.32173913,-0.041884817,56,0,0,0,0,102454
Wisconsin,2020,10,24,55,10/24/2020,0.662068966,1.488262911,56,0,0,0,0,102455
Wyoming,2020,10,24,56,10/24/2020,0.82527881,10.01214575,56,0,0,0,0,102456
Alabama,2020,10,31,1,10/31/2020,0.259615385,-0.185595568,63,0,0,0,0,10311
Alaska,2020,10,31,2,10/31/2020,1.060150376,0.854014599,63,0,0,0,0,10312
Arizona,2020,10,31,4,10/31/2020,0.663551402,0.671875,63,0,0,0,0,10314
Arkansas,2020,10,31,5,10/31/2020,0.105442177,-0.0304,63,0,0,0,0,10315
California,2020,10,31,6,10/31/2020,0.297229219,-0.149253731,63,0,0,0,0,10316
Colorado,2020,10,31,8,10/31/2020,1.047619048,-0.124352332,63,0,0,0,0,10318
Connecticut,2020,10,31,9,10/31/2020,0.848214286,2.243243243,63,0,0,0,0,10319
Delaware,2020,10,31,10,10/31/2020,0.173913043,1.552795031,63,0,0,0,0,103110
District Of Columbia,2020,10,31,11,10/31/2020,0.342042755,-0.198019802,63,0,0,0,0,103111
Florida,2020,10,31,12,10/31/2020,0.114649682,-0.528806584,63,0,0,0,0,103112
Georgia,2020,10,31,13,10/31/2020,0.122699387,-0.198555957,63,0,0,0,0,103113
Hawaii,2020,10,31,15,10/31/2020,-0.120209059,-0.612087912,63,0,0,0,0,103115
Idaho,2020,10,31,16,10/31/2020,0.252688172,1.375,63,0,0,0,0,103116
Illinois,2020,10,31,17,10/31/2020,0.655797101,0.111524164,63,0,0,0,0,103117
Indiana,2020,10,31,18,10/31/2020,0.5,0.570934256,63,0,0,0,0,103118
Iowa,2020,10,31,19,10/31/2020,0.822674419,0.204545455,63,0,0,0,0,103119
Kansas,2020,10,31,20,10/31/2020,0.582706767,-0.405829596,63,0,0,0,0,103120
Kentucky,2020,10,31,21,10/31/2020,0.630434783,0.169642857,63,0,0,0,0,103121
Louisiana,2020,10,31,22,10/31/2020,-0.067669173,0.074204947,63,0,0,0,0,103122
Maine,2020,10,31,23,10/31/2020,1.441558442,-0.667711599,63,0,0,0,0,103123
Maryland,2020,10,31,24,10/31/2020,0.336633663,0.362229102,63,0,0,0,0,103124
Massachusetts,2020,10,31,25,10/31/2020,0.976866456,0.117021277,63,0,0,0,0,103125
Michigan,2020,10,31,26,10/31/2020,1.212765957,0.732876712,63,0,0,0,0,103126
Minnesota,2020,10,31,27,10/31/2020,0.592307692,0.509174312,63,0,0,0,0,103127
Mississippi,2020,10,31,28,10/31/2020,-0.058139535,0.052777778,63,0,0,0,0,103128
Missouri,2020,10,31,29,10/31/2020,0.3,0.456233422,63,0,0,0,0,103129
Montana,2020,10,31,30,10/31/2020,0.355475763,1.657004831,63,0,0,0,0,103130
Nebraska,2020,10,31,31,10/31/2020,0.380597015,0.533898305,63,0,0,0,0,103131
Nevada,2020,10,31,32,10/31/2020,0.349753695,-0.340517241,63,0,0,0,0,103132
New Hampshire,2020,10,31,33,10/31/2020,0.5875,-0.094827586,63,0,0,0,0,103133
New Jersey,2020,10,31,34,10/31/2020,0.802757158,1.09039548,63,0,0,0,0,103134
New Mexico,2020,10,31,35,10/31/2020,0.502024291,1.406666667,63,0,0,0,0,103135
New York,2020,10,31,36,10/31/2020,0.396648045,0.22528363,63,0,0,0,0,103136
North Carolina,2020,10,31,37,10/31/2020,0.161458333,0.360869565,63,0,0,0,0,103137
North Dakota,2020,10,31,38,10/31/2020,0.518987342,0.183333333,63,0,0,0,0,103138
Ohio,2020,10,31,39,10/31/2020,0.557692308,0.356725146,63,0,0,0,0,103139
Oklahoma,2020,10,31,40,10/31/2020,-0.105263158,0.257575758,63,0,0,0,0,103140
Oregon,2020,10,31,41,10/31/2020,0.333333333,0.637583893,63,0,0,0,0,103141
Pennsylvania,2020,10,31,42,10/31/2020,0.563636364,0.42519685,63,0,0,0,0,103142
Rhode Island,2020,10,31,44,10/31/2020,0.978723404,0.090909091,63,0,0,0,0,103144
South Carolina,2020,10,31,45,10/31/2020,0.103825137,0.648535565,63,0,0,0,0,103145
South Dakota,2020,10,31,46,10/31/2020,0.686586985,1.036324786,63,0,0,0,0,103146
Tennessee,2020,10,31,47,10/31/2020,0.286764706,0.747540984,63,0,0,0,0,103147
Texas,2020,10,31,48,10/31/2020,0.366863905,0.101626016,63,0,0,0,0,103148
Utah,2020,10,31,49,10/31/2020,0.342036554,0.240310078,63,0,0,0,0,103149
Virginia,2020,10,31,51,10/31/2020,0.203252033,0.114035088,63,0,0,0,0,103151
Washington,2020,10,31,53,10/31/2020,0.203090508,0.439232409,63,0,0,0,0,103153
West Virginia,2020,10,31,54,10/31/2020,0.46,0.951048951,63,0,0,0,0,103154
Wisconsin,2020,10,31,55,10/31/2020,0.645491803,1.437931034,63,0,0,0,0,103155
Wyoming,2020,10,31,56,10/31/2020,0.830357143,5.32928475,63,0,0,0,0,103156
Alabama,2020,11,7,1,11/7/2020,-0.121301775,0.475770925,70,0,0,0,0,1171
Alaska,2020,11,7,2,11/7/2020,0.701183432,1.005128205,70,0,0,0,0,1172
Arizona,2020,11,7,4,11/7/2020,0.763779528,2.65448505,70,0,0,0,0,1174
Arkansas,2020,11,7,5,11/7/2020,0.254601227,0.265420561,70,0,0,0,0,1175
California,2020,11,7,6,11/7/2020,0.236363636,-0.246575342,70,0,0,0,0,1176
Colorado,2020,11,7,8,11/7/2020,1.25877193,1.576923077,70,0,0,0,0,1178
Connecticut,2020,11,7,9,11/7/2020,1.147286822,0.571428571,70,0,0,0,0,1179
Delaware,2020,11,7,10,11/7/2020,0.443609023,-0.50212766,70,0,0,0,0,11710
District Of Columbia,2020,11,7,11,11/7/2020,0.686586985,7.01980198,70,0,0,0,0,11711
Florida,2020,11,7,12,11/7/2020,0.455696203,-0.324324324,70,0,0,0,0,11712
Georgia,2020,11,7,13,11/7/2020,0.44516129,0.007575758,70,0,0,0,0,11713
Hawaii,2020,11,7,15,11/7/2020,0.21147541,-0.961450382,70,0,0,0,0,11715
Idaho,2020,11,7,16,11/7/2020,0.211764706,0.341463415,70,0,0,0,0,11716
Illinois,2020,11,7,17,11/7/2020,1.002840909,0.609756098,70,0,0,0,0,11717
Indiana,2020,11,7,18,11/7/2020,0.824104235,0.301886792,70,0,0,0,0,11718
Iowa,2020,11,7,19,11/7/2020,1.644385027,0.189583333,70,0,0,0,0,11719
Kansas,2020,11,7,20,11/7/2020,1.318681319,0.181019332,70,0,0,0,0,11720
Kentucky,2020,11,7,21,11/7/2020,0.476534296,-0.159292035,70,0,0,0,0,11721
Louisiana,2020,11,7,22,11/7/2020,0.04,0.041958042,70,0,0,0,0,11722
Maryland,2020,11,7,24,11/7/2020,0.730769231,-0.015384615,70,0,0,0,0,11724
Massachusetts,2020,11,7,25,11/7/2020,0.676470588,0.3375,70,0,0,0,0,11725
Michigan,2020,11,7,26,11/7/2020,0.952380952,0.224561404,70,0,0,0,0,11726
Minnesota,2020,11,7,27,11/7/2020,1.405017921,0.516014235,70,0,0,0,0,11727
Mississippi,2020,11,7,28,11/7/2020,0.12704918,0.17866005,70,0,0,0,0,11728
Missouri,2020,11,7,29,11/7/2020,0.809836066,-0.304526749,70,0,0,0,0,11729
Montana,2020,11,7,30,11/7/2020,0.264615385,0.236734694,70,0,0,0,0,11730
Nebraska,2020,11,7,31,11/7/2020,0.983870968,0.258823529,70,0,0,0,0,11731
Nevada,2020,11,7,32,11/7/2020,0.665254237,0.941860465,70,0,0,0,0,11732
New Hampshire,2020,11,7,33,11/7/2020,0.894409938,-0.142857143,70,0,0,0,0,11733
New Jersey,2020,11,7,34,11/7/2020,0.710144928,-0.024193548,70,0,0,0,0,11734
New Mexico,2020,11,7,35,11/7/2020,0.528125,1.391836735,70,0,0,0,0,11735
New York,2020,11,7,36,11/7/2020,0.654228856,0.49924357,70,0,0,0,0,11736
North Carolina,2020,11,7,37,11/7/2020,0.163265306,0.064846416,70,0,0,0,0,11737
North Dakota,2020,11,7,38,11/7/2020,0.657142857,1.1218716,70,0,0,0,0,11738
Ohio,2020,11,7,39,11/7/2020,0.931578947,0.476470588,70,0,0,0,0,11739
Oklahoma,2020,11,7,40,11/7/2020,0.471299094,0.31294964,70,0,0,0,0,11740
Oregon,2020,11,7,41,11/7/2020,0.924482339,0.222222222,70,0,0,0,0,11741
Pennsylvania,2020,11,7,42,11/7/2020,0.687022901,0.105769231,70,0,0,0,0,11742
Rhode Island,2020,11,7,44,11/7/2020,0.44648318,-0.080118694,70,0,0,0,0,11744
South Carolina,2020,11,7,45,11/7/2020,0.329411765,-0.487297921,70,0,0,0,0,11745
South Dakota,2020,11,7,46,11/7/2020,0.444568869,0.917475728,70,0,0,0,0,11746
Tennessee,2020,11,7,47,11/7/2020,-0.051630435,0.21641791,70,0,0,0,0,11747
Texas,2020,11,7,48,11/7/2020,0.323809524,0.398305085,70,0,0,0,0,11748
Utah,2020,11,7,49,11/7/2020,0.584474886,1.008333333,70,0,0,0,0,11749
Virginia,2020,11,7,51,11/7/2020,0.361344538,-0.679310345,70,0,0,0,0,11751
Washington,2020,11,7,53,11/7/2020,0.830508475,0.476635514,70,0,0,0,0,11753
West Virginia,2020,11,7,54,11/7/2020,0.723684211,0.961748634,70,0,0,0,0,11754
Wisconsin,2020,11,7,55,11/7/2020,0.347164592,0.356603774,70,0,0,0,0,11755
Wyoming,2020,11,7,56,11/7/2020,0.657841141,0.632352941,70,0,0,0,0,11756
Alabama,2020,11,14,1,11/14/2020,0.484732824,0.62585034,77,0,0,0,0,11141
Alaska,2020,11,14,2,11/14/2020,0.366788321,0,77,0,0,0,0,11142
Arizona,2020,11,14,4,11/14/2020,0.764044944,0.401869159,77,0,0,0,0,11144
Arkansas,2020,11,14,5,11/14/2020,0.652307692,-0.288778878,77,0,0,0,0,11145
California,2020,11,14,6,11/14/2020,0.902912621,-0.078947368,77,0,0,0,0,11146
Colorado,2020,11,14,8,11/14/2020,1.296511628,1.01183432,77,0,0,0,0,11148
Connecticut,2020,11,14,9,11/14/2020,1.038647343,0.692307692,77,0,0,0,0,11149
Delaware,2020,11,14,10,11/14/2020,0.938271605,-0.287104623,77,0,0,0,0,111410
District Of Columbia,2020,11,14,11,11/14/2020,0.654867257,0,77,0,0,0,0,111411
Florida,2020,11,14,12,11/14/2020,0.445714286,0.131004367,77,0,0,0,0,111412
Georgia,2020,11,14,13,11/14/2020,0.349726776,0.828828829,77,0,0,0,0,111413
Hawaii,2020,11,14,15,11/14/2020,0.358415842,-0.71388102,77,0,0,0,0,111415
Idaho,2020,11,14,16,11/14/2020,0.560085837,0.368421053,77,0,0,0,0,111416
Illinois,2020,11,14,17,11/14/2020,1.098468271,1.260869565,77,0,0,0,0,111417
Indiana,2020,11,14,18,11/14/2020,1.069651741,0.383259912,77,0,0,0,0,111418
Iowa,2020,11,14,19,11/14/2020,1.376395534,0.74393531,77,0,0,0,0,111419
Kansas,2020,11,14,20,11/14/2020,1.102137767,0.664150943,77,0,0,0,0,111420
Kentucky,2020,11,14,21,11/14/2020,0.434666667,0.209923664,77,0,0,0,0,111421
Louisiana,2020,11,14,22,11/14/2020,1.540322581,0.0625,77,0,0,0,0,111422
Maine,2020,11,14,23,11/14/2020,1.234042553,10.03773585,77,0,0,0,0,111423
Maryland,2020,11,14,24,11/14/2020,0.933333333,0.643939394,77,0,0,0,0,111424
Massachusetts,2020,11,14,25,11/14/2020,0.824468085,-0.031746032,77,0,0,0,0,111425
Michigan,2020,11,14,26,11/14/2020,1.141025641,1.442687747,77,0,0,0,0,111426
Minnesota,2020,11,14,27,11/14/2020,1.512077295,0.933130699,77,0,0,0,0,111427
Mississippi,2020,11,14,28,11/14/2020,0.473251029,0.356200528,77,0,0,0,0,111428
Missouri,2020,11,14,29,11/14/2020,1.145888594,-0.032786885,77,0,0,0,0,111429
Montana,2020,11,14,30,11/14/2020,0.234437086,-0.100909091,77,0,0,0,0,111430
Nebraska,2020,11,14,31,11/14/2020,0.927927928,0.632596685,77,0,0,0,0,111431
Nevada,2020,11,14,32,11/14/2020,0.675182482,0.725490196,77,0,0,0,0,111432
New Hampshire,2020,11,14,33,11/14/2020,1.440944882,0,77,0,0,0,0,111433
New Jersey,2020,11,14,34,11/14/2020,1.094117647,0.783783784,77,0,0,0,0,111434
New Mexico,2020,11,14,35,11/14/2020,0.74393531,0.96398892,77,0,0,0,0,111435
New York,2020,11,14,36,11/14/2020,1.27,0.851851852,77,0,0,0,0,111436
North Carolina,2020,11,14,37,11/14/2020,0.107623318,-0.329073482,77,0,0,0,0,111437
North Dakota,2020,11,14,38,11/14/2020,0.371212121,0.309859155,77,0,0,0,0,111438
Ohio,2020,11,14,39,11/14/2020,1.238683128,1.189655172,77,0,0,0,0,111439
Oklahoma,2020,11,14,40,11/14/2020,0.976470588,-0.15060241,77,0,0,0,0,111440
Oregon,2020,11,14,41,11/14/2020,1.018518519,-0.139344262,77,0,0,0,0,111441
Pennsylvania,2020,11,14,42,11/14/2020,1.063953488,0.629834254,77,0,0,0,0,111442
Rhode Island,2020,11,14,44,11/14/2020,0.865591398,0.25,77,0,0,0,0,111444
South Carolina,2020,11,14,45,11/14/2020,0.272277228,-0.329949239,77,0,0,0,0,111445
South Dakota,2020,11,14,46,11/14/2020,0.299212598,0.65792235,77,0,0,0,0,111446
Tennessee,2020,11,14,47,11/14/2020,0.554285714,0.110694184,77,0,0,0,0,111447
Texas,2020,11,14,48,11/14/2020,0.562770563,0.483394834,77,0,0,0,0,111448
Utah,2020,11,14,49,11/14/2020,0.811284047,0.50625,77,0,0,0,0,111449
Virginia,2020,11,14,51,11/14/2020,0.121621622,0.251968504,77,0,0,0,0,111451
Washington,2020,11,14,53,11/14/2020,1.128440367,0.192592593,77,0,0,0,0,111453
West Virginia,2020,11,14,54,11/14/2020,0.840182648,1.05734767,77,0,0,0,0,111454
Wisconsin,2020,11,14,55,11/14/2020,0.407222914,0.260254597,77,0,0,0,0,111455
Wyoming,2020,11,14,56,11/14/2020,1.113821138,1.053304904,77,0,0,0,0,111456
Alabama,2020,11,21,1,11/21/2020,0.457912458,0.835820896,84,0,0,0,0,11211
Alaska,2020,11,21,2,11/21/2020,0.375652174,0.498721228,84,0,0,0,0,11212
Arizona,2020,11,21,4,11/21/2020,1.066964286,-0.054545455,84,0,0,0,0,11214
Arkansas,2020,11,21,5,11/21/2020,0.349633252,0.245199409,84,0,0,0,0,11215
California,2020,11,21,6,11/21/2020,1.198529412,0.5,84,0,0,0,0,11216
Colorado,2020,11,21,8,11/21/2020,0.673786408,1.194029851,84,0,0,0,0,11218
Connecticut,2020,11,21,9,11/21/2020,0.855595668,0.659090909,84,0,0,0,0,11219
Delaware,2020,11,21,10,11/21/2020,1.234375,0.256410256,84,0,0,0,0,112110
District Of Columbia,2020,11,21,11,11/21/2020,0.826771654,0.5,84,0,0,0,0,112111
Florida,2020,11,21,12,11/21/2020,0.639130435,0.302222222,84,0,0,0,0,112112
Georgia,2020,11,21,13,11/21/2020,0.388392857,0.067669173,84,0,0,0,0,112113
Hawaii,2020,11,21,15,11/21/2020,-0.231393775,6.99009901,84,0,0,0,0,112115
Idaho,2020,11,21,16,11/21/2020,0.252427184,0.597727273,84,0,0,0,0,112116
Illinois,2020,11,21,17,11/21/2020,0.333333333,0.856060606,84,1,0,1,1,112117
Indiana,2020,11,21,18,11/21/2020,0.682142857,0.376811594,84,0,0,0,0,112118
Iowa,2020,11,21,19,11/21/2020,0.172901921,0.633975482,84,0,0,0,0,112119
Kansas,2020,11,21,20,11/21/2020,0.515007899,0.130952381,84,0,0,0,0,112120
Kentucky,2020,11,21,21,11/21/2020,0.577017115,0.649122807,84,1,0,1,1,112121
Louisiana,2020,11,21,22,11/21/2020,1.903846154,0.154362416,84,0,0,0,0,112122
Maine,2020,11,21,23,11/21/2020,0.428571429,1.203389831,84,0,0,0,0,112123
Maryland,2020,11,21,24,11/21/2020,1.083333333,1.25,84,0,0,0,0,112124
Massachusetts,2020,11,21,25,11/21/2020,0.635964912,0.258566978,84,0,0,0,0,112125
Michigan,2020,11,21,26,11/21/2020,0.67405765,1.045845272,84,1,0,1,1,112126
Minnesota,2020,11,21,27,11/21/2020,0.773472429,0.943661972,84,1,0,1,1,112127
Mississippi,2020,11,21,28,11/21/2020,0.581818182,0.183157895,84,0,0,0,0,112128
Missouri,2020,11,21,29,11/21/2020,0.331521739,0.520710059,84,0,0,0,0,112129
Montana,2020,11,21,30,11/21/2020,0.399026764,0.254125413,84,0,0,0,0,112130
Nebraska,2020,11,21,31,11/21/2020,0.393728223,1.406542056,84,0,0,0,0,112131
Nevada,2020,11,21,32,11/21/2020,0.580152672,0.51497006,84,0,0,0,0,112132
New Hampshire,2020,11,21,33,11/21/2020,1.557377049,0.501587302,84,0,0,0,0,112133
New Jersey,2020,11,21,34,11/21/2020,0.860169492,1.628099174,84,0,0,0,0,112134
New Mexico,2020,11,21,35,11/21/2020,1.26993865,0.674061433,84,1,0,1,1,112135
New York,2020,11,21,36,11/21/2020,0.894736842,0.927346115,84,0,0,0,0,112136
North Carolina,2020,11,21,37,11/21/2020,0.394736842,0.099358974,84,0,0,0,0,112137
North Dakota,2020,11,21,38,11/21/2020,-0.068965517,0.035897436,84,0,0,0,0,112138
Ohio,2020,11,21,39,11/21/2020,0.765667575,0.314741036,84,0,0,0,0,112139
Oklahoma,2020,11,21,40,11/21/2020,0.535934292,0.068493151,84,0,0,0,0,112140
Oregon,2020,11,21,41,11/21/2020,0.639240506,0.590909091,84,1,0,1,1,112141
Pennsylvania,2020,11,21,42,11/21/2020,1.162895928,1.469565217,84,0,0,0,0,112142
Rhode Island,2020,11,21,44,11/21/2020,0.845665962,0.738709677,84,0,0,0,0,112144
South Carolina,2020,11,21,45,11/21/2020,0.349557522,1.04954955,84,0,0,0,0,112145
South Dakota,2020,11,21,46,11/21/2020,0.007751938,0.594936709,84,0,0,0,0,112146
Tennessee,2020,11,21,47,11/21/2020,0.790830946,0.386503067,84,0,0,0,0,112147
Texas,2020,11,21,48,11/21/2020,0.438848921,0.445454545,84,0,0,0,0,112148
Utah,2020,11,21,49,11/21/2020,0.469740634,0.423236515,84,0,0,0,0,112149
Vermont,2020,11,21,50,11/21/2020,3.181818182,3,84,0,0,0,0,112150
Virginia,2020,11,21,51,11/21/2020,0.537037037,1.783751493,84,0,0,0,0,112151
Washington,2020,11,21,53,11/21/2020,0.74691358,0.189873418,84,1,0,1,1,112153
West Virginia,2020,11,21,54,11/21/2020,1.072519084,0.866295265,84,0,0,0,0,112154
Wisconsin,2020,11,21,55,11/21/2020,0.221765914,0.389429764,84,0,0,0,0,112155
Wyoming,2020,11,21,56,11/21/2020,0.670761671,0.779279279,84,0,0,0,0,112156
Alabama,2020,11,28,1,11/28/2020,0.06940874,-0.29916318,91,0,0,0,0,11281
Alaska,2020,11,28,2,11/28/2020,0.094793057,0.539370079,91,0,0,0,0,11282
Arizona,2020,11,28,4,11/28/2020,0.611464968,0.08,91,0,0,0,0,11284
Arkansas,2020,11,28,5,11/28/2020,-0.013035382,0.229698376,91,0,0,0,0,11285
California,2020,11,28,6,11/28/2020,0.780612245,0.457142857,91,0,0,0,0,11286
Colorado,2020,11,28,8,11/28/2020,-0.015189873,0.611764706,91,0,0,0,0,11288
Connecticut,2020,11,28,9,11/28/2020,0.05450237,1.018939394,91,0,0,0,0,11289
Delaware,2020,11,28,10,11/28/2020,0.563694268,-0.150170648,91,0,0,0,0,112810
District Of Columbia,2020,11,28,11,11/28/2020,0.459893048,1,91,0,0,0,0,112811
Florida,2020,11,28,12,11/28/2020,0.407114625,0.316602317,91,0,0,0,0,112812
Georgia,2020,11,28,13,11/28/2020,0.085020243,-0.226600985,91,0,0,0,0,112813
Hawaii,2020,11,28,15,11/28/2020,0.013119534,3.495049505,91,0,0,0,0,112815
Idaho,2020,11,28,16,11/28/2020,-0.046767538,-0.128205128,91,0,0,0,0,112816
Illinois,2020,11,28,17,11/28/2020,-0.216892596,0.476331361,91,1,0,1,1,112817
Indiana,2020,11,28,18,11/28/2020,0.016826923,0.409235669,91,0,0,0,0,112818
Iowa,2020,11,28,19,11/28/2020,-0.453691275,0.28748068,91,0,0,0,0,112819
Kansas,2020,11,28,20,11/28/2020,-0.004519774,0.31292517,91,0,0,0,0,112820
Kentucky,2020,11,28,21,11/28/2020,0.094795539,0.432176656,91,1,0,1,1,112821
Louisiana,2020,11,28,22,11/28/2020,0.355555556,0.504643963,91,0,0,0,0,112822
Maine,2020,11,28,23,11/28/2020,-0.015873016,0.547008547,91,0,0,0,0,112823
Maryland,2020,11,28,24,11/28/2020,0.310344828,1.036866359,91,0,0,0,0,112824
Massachusetts,2020,11,28,25,11/28/2020,0.10787172,0.278688525,91,0,0,0,0,112825
Michigan,2020,11,28,26,11/28/2020,0.050898204,0.359223301,91,1,0,1,1,112826
Minnesota,2020,11,28,27,11/28/2020,0,0.286163522,91,1,0,1,1,112827
Mississippi,2020,11,28,28,11/28/2020,0.011173184,0.140077821,91,0,0,0,0,112828
Missouri,2020,11,28,29,11/28/2020,-0.236093943,0.165725047,91,0,0,0,0,112829
Montana,2020,11,28,30,11/28/2020,-0.096566524,-0.108190091,91,0,0,0,0,112830
Nebraska,2020,11,28,31,11/28/2020,-0.151401869,0.111675127,91,0,0,0,0,112831
Nevada,2020,11,28,32,11/28/2020,0.718954248,0.863636364,91,0,0,0,0,112832
New Hampshire,2020,11,28,33,11/28/2020,0.31797235,0.504761905,91,0,0,0,0,112833
New Jersey,2020,11,28,34,11/28/2020,0.275280899,0.777777778,91,0,0,0,0,112834
New Mexico,2020,11,28,35,11/28/2020,0.531684699,0.67842031,91,1,0,1,1,112835
New York,2020,11,28,36,11/28/2020,0.40969163,0.635714286,91,0,0,0,0,112836
North Carolina,2020,11,28,37,11/28/2020,0.408906883,0.385714286,91,0,0,0,0,112837
North Dakota,2020,11,28,38,11/28/2020,-0.337016575,-0.182795699,91,0,0,0,0,112838
Ohio,2020,11,28,39,11/28/2020,0.424632353,0.897637795,91,0,0,0,0,112839
Oklahoma,2020,11,28,40,11/28/2020,0.640873016,0.191489362,91,0,0,0,0,112840
Oregon,2020,11,28,41,11/28/2020,0.371559633,1.485714286,91,1,0,1,1,112841
Pennsylvania,2020,11,28,42,11/28/2020,0.54084507,0.796610169,91,0,0,0,0,112842
Rhode Island,2020,11,28,44,11/28/2020,0.157060519,0.730864198,91,0,0,0,0,112844
South Carolina,2020,11,28,45,11/28/2020,0.06614786,-0.242424242,91,0,0,0,0,112845
South Dakota,2020,11,28,46,11/28/2020,-0.327272727,0.683544304,91,0,0,0,0,112846
Tennessee,2020,11,28,47,11/28/2020,0.014705882,0.152027027,91,0,0,0,0,112847
Texas,2020,11,28,48,11/28/2020,-0.038781163,0.032338308,91,0,0,0,0,112848
Utah,2020,11,28,49,11/28/2020,-0.133190118,0.369294606,91,0,0,0,0,112849
Virginia,2020,11,28,51,11/28/2020,0.807228916,0.220125786,91,0,0,0,0,112851
Washington,2020,11,28,53,11/28/2020,0.461206897,0.049689441,91,1,0,1,1,112853
West Virginia,2020,11,28,54,11/28/2020,0.23573201,-0.167247387,91,0,0,0,0,112854
Wisconsin,2020,11,28,55,11/28/2020,-0.288495575,-0.121212121,91,0,0,0,0,112855
Wyoming,2020,11,28,56,11/28/2020,-0.138461538,0,91,0,0,0,0,112856
Alabama,2020,12,5,1,12/5/2020,0.519630485,0.445528455,98,0,0,0,0,1251
Alaska,2020,12,5,2,12/5/2020,0.185840708,5.996587031,98,0,0,0,0,1252
Arizona,2020,12,5,4,12/5/2020,0.628509719,0.987179487,98,0,0,0,0,1254
Arkansas,2020,12,5,5,12/5/2020,0.231884058,-0.040332147,98,0,0,0,0,1255
California,2020,12,5,6,12/5/2020,0.655518395,0.63030303,98,0,0,0,0,1256
Colorado,2020,12,5,8,12/5/2020,-0.091647332,0.700680272,98,0,0,0,0,1258
Connecticut,2020,12,5,9,12/5/2020,0.178988327,1.030136986,98,0,0,0,0,1259
Delaware,2020,12,5,10,12/5/2020,0.512820513,0.897959184,98,0,0,0,0,12510
District Of Columbia,2020,12,5,11,12/5/2020,0.36637931,0.41563786,98,0,0,0,0,12511
Florida,2020,12,5,12,12/5/2020,0.135278515,0.457337884,98,0,0,0,0,12512
Georgia,2020,12,5,13,12/5/2020,0.318327974,0.577464789,98,0,0,0,0,12513
Hawaii,2020,12,5,15,12/5/2020,0.088028169,1.627013631,98,0,0,0,0,12515
Idaho,2020,12,5,16,12/5/2020,0.010335917,0.341394026,98,0,0,0,0,12516
Illinois,2020,12,5,17,12/5/2020,-0.191489362,0.357142857,98,1,1,1,1,12517
Indiana,2020,12,5,18,12/5/2020,0.037154989,0.513157895,98,0,0,0,0,12518
Iowa,2020,12,5,19,12/5/2020,-0.367241379,0.489817792,98,0,0,0,0,12519
Kansas,2020,12,5,20,12/5/2020,-0.1637122,0.657894737,98,0,0,0,0,12520
Kentucky,2020,12,5,21,12/5/2020,0.223255814,0.44893617,98,1,1,1,1,12521
Louisiana,2020,12,5,22,12/5/2020,0.123620309,0.401162791,98,0,0,0,0,12522
Maine,2020,12,5,23,12/5/2020,0.373239437,2.273504274,98,0,0,0,0,12523
Maryland,2020,12,5,24,12/5/2020,0.130666667,0.788194444,98,0,0,0,0,12524
Massachusetts,2020,12,5,25,12/5/2020,0.64075067,0.420792079,98,0,0,0,0,12525
Michigan,2020,12,5,26,12/5/2020,-0.080794702,0.708683473,98,1,1,1,1,12526
Minnesota,2020,12,5,27,12/5/2020,-0.117647059,0.219806763,98,1,1,1,1,12527
Mississippi,2020,12,5,28,12/5/2020,0.491954023,0.451957295,98,0,0,0,0,12528
Missouri,2020,12,5,29,12/5/2020,-0.110204082,1.101167315,98,0,0,0,0,12529
Montana,2020,12,5,30,12/5/2020,-0.273913043,-0.25,98,0,0,0,0,12530
Nebraska,2020,12,5,31,12/5/2020,-0.185,0.32038835,98,0,0,0,0,12531
Nevada,2020,12,5,32,12/5/2020,0.238325282,0.705533597,98,0,0,0,0,12532
New Hampshire,2020,12,5,33,12/5/2020,0.394230769,2.99577167,98,0,0,0,0,12533
New Jersey,2020,12,5,34,12/5/2020,0.161731207,0.72327044,98,0,0,0,0,12534
New Mexico,2020,12,5,35,12/5/2020,-0.20990991,0.467889908,98,1,1,1,1,12535
New York,2020,12,5,36,12/5/2020,0.797619048,0.685863874,98,0,0,0,0,12536
North Carolina,2020,12,5,37,12/5/2020,0.289308176,0.183673469,98,0,0,0,0,12537
North Dakota,2020,12,5,38,12/5/2020,-0.470987654,-0.148514851,98,0,0,0,0,12538
Ohio,2020,12,5,39,12/5/2020,0.145061728,1.106060606,98,0,0,0,0,12539
Oklahoma,2020,12,5,40,12/5/2020,-0.062834225,0.453846154,98,0,0,0,0,12540
Oregon,2020,12,5,41,12/5/2020,0.405405405,1.066666667,98,1,1,1,1,12541
Pennsylvania,2020,12,5,42,12/5/2020,0.39748954,0.954225352,98,0,0,0,0,12542
Rhode Island,2020,12,5,44,12/5/2020,0.26002291,0.677179963,98,1,0,0,0,12544
South Carolina,2020,12,5,45,12/5/2020,0.301639344,0.041758242,98,0,0,0,0,12545
South Dakota,2020,12,5,46,12/5/2020,-0.230769231,-0.043650794,98,0,0,0,0,12546
Tennessee,2020,12,5,47,12/5/2020,0.1024,0.116519174,98,0,0,0,0,12547
Texas,2020,12,5,48,12/5/2020,0.265,0.306079665,98,0,0,0,0,12548
Utah,2020,12,5,49,12/5/2020,-0.093137255,-0.011661808,98,0,0,0,0,12549
Vermont,2020,12,5,50,12/5/2020,0.223602484,2.002183406,98,0,0,0,0,12550
Virginia,2020,12,5,51,12/5/2020,0.180722892,0.025751073,98,0,0,0,0,12551
Washington,2020,12,5,53,12/5/2020,0.148409894,1.367021277,98,1,1,1,1,12553
West Virginia,2020,12,5,54,12/5/2020,0.134438306,0.320895522,98,0,0,0,0,12554
Wisconsin,2020,12,5,55,12/5/2020,-0.321008403,0.141141141,98,0,0,0,0,12555
Wyoming,2020,12,5,56,12/5/2020,-0.272058824,0.316455696,98,0,0,0,0,12556
Alabama,2020,12,12,1,12/12/2020,0.769230769,0.958208955,105,0,0,0,0,12121
Alaska,2020,12,12,2,12/12/2020,0.002439024,0.647058824,105,0,0,0,0,12122
Arizona,2020,12,12,4,12/12/2020,0.725296443,1.422839506,105,0,0,0,0,12124
Arkansas,2020,12,12,5,12/12/2020,0.328301887,1.603773585,105,0,0,0,0,12125
California,2020,12,12,6,12/12/2020,1.191977077,1.555555556,105,1,0,0,1,12126
Colorado,2020,12,12,8,12/12/2020,-0.068123393,1.262773723,105,0,0,0,0,12128
Connecticut,2020,12,12,9,12/12/2020,0.714606742,0.630393996,105,0,0,0,0,12129
Delaware,2020,12,12,10,12/12/2020,0.727087576,0.9437751,105,0,0,0,0,121210
District Of Columbia,2020,12,12,11,12/12/2020,0.311355311,1.24691358,105,0,0,0,0,121211
Florida,2020,12,12,12,12/12/2020,0.258426966,0.366568915,105,0,0,0,0,121212
Georgia,2020,12,12,13,12/12/2020,0.899253731,0.168789809,105,0,0,0,0,121213
Hawaii,2020,12,12,15,12/12/2020,0.076258993,0.112334802,105,0,0,0,0,121215
Idaho,2020,12,12,16,12/12/2020,0.261183261,1.003676471,105,0,0,0,0,121216
Illinois,2020,12,12,17,12/12/2020,-0.07057257,0.362725451,105,1,1,1,1,121217
Indiana,2020,12,12,18,12/12/2020,0.11820331,0.322033898,105,0,0,0,0,121218
Iowa,2020,12,12,19,12/12/2020,-0.353808354,1.857142857,105,0,0,0,0,121219
Kansas,2020,12,12,20,12/12/2020,-0.054483541,1.417962003,105,0,0,0,0,121220
Kentucky,2020,12,12,21,12/12/2020,0.19524618,0.444933921,105,1,1,1,1,121221
Louisiana,2020,12,12,22,12/12/2020,0.224824356,0.384773663,105,0,0,0,0,121222
Maine,2020,12,12,23,12/12/2020,1.137096774,0.762430939,105,0,0,0,0,121223
Maryland,2020,12,12,24,12/12/2020,0.356725146,0.497737557,105,0,0,0,0,121224
Massachusetts,2020,12,12,25,12/12/2020,0.839473684,0.882051282,105,0,0,0,0,121225
Michigan,2020,12,12,26,12/12/2020,-0.213675214,0.488095238,105,1,1,1,1,121226
Minnesota,2020,12,12,27,12/12/2020,-0.266346154,0.356968215,105,1,1,1,1,121227
Mississippi,2020,12,12,28,12/12/2020,0.919889503,0.894197952,105,0,0,0,0,121228
Missouri,2020,12,12,29,12/12/2020,-0.021035599,0.285945073,105,0,0,0,0,121229
Montana,2020,12,12,30,12/12/2020,-0.116389549,0.247165533,105,0,0,0,0,121230
Nebraska,2020,12,12,31,12/12/2020,-0.25,1.054794521,105,0,0,0,0,121231
Nevada,2020,12,12,32,12/12/2020,0.078580482,1.073170732,105,0,0,0,0,121232
New Hampshire,2020,12,12,33,12/12/2020,1.244755245,1.727848101,105,0,0,0,0,121233
New Jersey,2020,12,12,34,12/12/2020,0.224669604,0.946022727,105,0,0,0,0,121234
New Mexico,2020,12,12,35,12/12/2020,-0.208879919,0,105,1,1,1,1,121235
New York,2020,12,12,36,12/12/2020,0.603125,0.877729258,105,0,0,0,0,121236
North Carolina,2020,12,12,37,12/12/2020,0.626436782,0.329896907,105,0,0,0,0,121237
North Dakota,2020,12,12,38,12/12/2020,-0.205833333,0.789473684,105,0,0,0,0,121238
Ohio,2020,12,12,39,12/12/2020,0.35483871,0.34439834,105,0,0,0,0,121239
Oklahoma,2020,12,12,40,12/12/2020,-0.123337364,0.806547619,105,0,0,0,0,121240
Oregon,2020,12,12,41,12/12/2020,0.086956522,0.662835249,105,1,1,1,1,121241
Pennsylvania,2020,12,12,42,12/12/2020,0.424131627,1.433962264,105,1,0,0,1,121242
Rhode Island,2020,12,12,44,12/12/2020,0.457036115,0.840228245,105,1,0,0,0,121244
South Carolina,2020,12,12,45,12/12/2020,0.981751825,1.33,105,0,0,0,0,121245
South Dakota,2020,12,12,46,12/12/2020,-0.257657658,-0.078947368,105,0,0,0,0,121246
Tennessee,2020,12,12,47,12/12/2020,0.64673913,0.51026393,105,0,0,0,0,121247
Texas,2020,12,12,48,12/12/2020,0.930835735,0.530120482,105,0,0,0,0,121248
Utah,2020,12,12,49,12/12/2020,0.048327138,0.351515152,105,0,0,0,0,121249
Vermont,2020,12,12,50,12/12/2020,0.513513514,2.995633188,105,0,0,0,0,121250
Virginia,2020,12,12,51,12/12/2020,0.53,0.829896907,105,0,0,0,0,121251
Washington,2020,12,12,53,12/12/2020,0.289085546,0.029585799,105,1,1,1,1,121253
West Virginia,2020,12,12,54,12/12/2020,0.373493976,1.280334728,105,0,0,0,0,121254
Wisconsin,2020,12,12,55,12/12/2020,-0.143034826,0.224776501,105,0,0,0,0,121255
Wyoming,2020,12,12,56,12/12/2020,-0.346428571,0.640706127,105,0,0,0,0,121256
Alabama,2020,12,19,1,12/19/2020,0.197568389,-0.059617548,112,0,0,0,0,12191
Alaska,2020,12,19,2,12/19/2020,-0.33901919,-0.619512195,112,0,0,0,0,12192
Arizona,2020,12,19,4,12/19/2020,0.175066313,0.951612903,112,0,0,0,0,12194
Arkansas,2020,12,19,5,12/19/2020,0.104411765,0.644004944,112,0,0,0,0,12195
California,2020,12,19,6,12/19/2020,1.141414141,1.275092937,112,1,1,0,1,12196
Colorado,2020,12,19,8,12/19/2020,-0.334610473,0.2,112,0,0,0,0,12198
Connecticut,2020,12,19,9,12/19/2020,0.059405941,0.179487179,112,0,0,0,0,12199
Delaware,2020,12,19,10,12/19/2020,0.189522342,1.261648746,112,0,0,0,0,121910
District Of Columbia,2020,12,19,11,12/19/2020,0.085173502,0,112,0,0,0,0,121911
Florida,2020,12,19,12,12/19/2020,0.184579439,0.072599532,112,0,0,0,0,121912
Georgia,2020,12,19,13,12/19/2020,0.426829268,-0.174107143,112,0,0,0,0,121913
Hawaii,2020,12,19,15,12/19/2020,0.411003236,-0.523584906,112,0,0,0,0,121915
Idaho,2020,12,19,16,12/19/2020,-0.117647059,-0.093319194,112,0,0,0,0,121916
Illinois,2020,12,19,17,12/19/2020,-0.218421053,-0.07518797,112,1,1,1,1,121917
Indiana,2020,12,19,18,12/19/2020,-0.165813715,0.069565217,112,0,0,0,0,121918
Iowa,2020,12,19,19,12/19/2020,-0.262942779,0.057553957,112,0,0,0,0,121919
Kansas,2020,12,19,20,12/19/2020,-0.079800499,0.047619048,112,0,0,0,0,121920
Kentucky,2020,12,19,21,12/19/2020,-0.234474018,-0.102790015,112,0,0,0,0,121921
Louisiana,2020,12,19,22,12/19/2020,0.1021611,0.44813278,112,0,0,0,0,121922
Maine,2020,12,19,23,12/19/2020,0.697435897,-0.028720627,112,0,0,0,0,121923
Maryland,2020,12,19,24,12/19/2020,-0.066037736,0.431067961,112,0,0,0,0,121924
Massachusetts,2020,12,19,25,12/19/2020,0.135620915,0.263066202,112,0,0,0,0,121925
Michigan,2020,12,19,26,12/19/2020,-0.363112392,0.032786885,112,1,1,1,1,121926
Minnesota,2020,12,19,27,12/19/2020,-0.536190476,0.059405941,112,1,1,1,1,121927
Mississippi,2020,12,19,28,12/19/2020,0.047765794,0.237745098,112,0,0,0,0,121928
Missouri,2020,12,19,29,12/19/2020,-0.149847095,0.037037037,112,0,0,0,0,121929
Montana,2020,12,19,30,12/19/2020,-0.352095808,-0.249122807,112,0,0,0,0,121930
Nebraska,2020,12,19,31,12/19/2020,-0.397750511,-0.402941176,112,0,0,0,0,121931
Nevada,2020,12,19,32,12/19/2020,0.063719116,0.205098494,112,0,0,0,0,121932
New Hampshire,2020,12,19,33,12/19/2020,0.296551724,0.388888889,112,0,0,0,0,121933
New Jersey,2020,12,19,34,12/19/2020,-0.023529412,0.29379562,112,0,0,0,0,121934
New Mexico,2020,12,19,35,12/19/2020,-0.179019384,0.145833333,112,1,1,1,1,121935
New York,2020,12,19,36,12/19/2020,0.152317881,0.875776398,112,0,0,0,0,121936
North Carolina,2020,12,19,37,12/19/2020,0.441463415,0.312807882,112,0,0,0,0,121937
North Dakota,2020,12,19,38,12/19/2020,-0.519253209,-0.139534884,112,0,0,0,0,121938
Ohio,2020,12,19,39,12/19/2020,0.004043127,-0.025899281,112,0,0,0,0,121939
Oklahoma,2020,12,19,40,12/19/2020,0.159771755,-0.063492063,112,0,0,0,0,121940
Oregon,2020,12,19,41,12/19/2020,-0.164835165,0.444700461,112,1,1,1,1,121941
Pennsylvania,2020,12,19,42,12/19/2020,0.127245509,0.387387387,112,1,0,0,1,121942
Rhode Island,2020,12,19,44,12/19/2020,-0.142727273,0.725663717,112,1,1,0,0,121944
South Carolina,2020,12,19,45,12/19/2020,0.518891688,0.229957806,112,0,0,0,0,121945
South Dakota,2020,12,19,46,12/19/2020,-0.366,-0.282157676,112,0,0,0,0,121946
Tennessee,2020,12,19,47,12/19/2020,0.886792453,0.677675033,112,0,0,0,0,121947
Texas,2020,12,19,48,12/19/2020,0.090909091,0.13964687,112,0,0,0,0,121948
Utah,2020,12,19,49,12/19/2020,-0.174054054,0.433628319,112,0,0,0,0,121949
Vermont,2020,12,19,50,12/19/2020,-0.16751269,0.083636364,112,0,0,0,0,121950
Virginia,2020,12,19,51,12/19/2020,0.387755102,0.640167364,112,0,0,0,0,121951
Washington,2020,12,19,53,12/19/2020,0.104615385,-0.469662921,112,1,1,1,1,121953
West Virginia,2020,12,19,54,12/19/2020,0.173701299,0.401129944,112,0,0,0,0,121954
Wisconsin,2020,12,19,55,12/19/2020,-0.25,-0.15,112,0,0,0,0,121955
Wyoming,2020,12,19,56,12/19/2020,-0.356565657,-0.2875,112,0,0,0,0,121956
