State_Name,year,month,day,statefips,freq,Date,DeltaNewCases,DeltaNewDeaths,Week_Count,Restricted,Restricted_2_weeks,Restrictions_longer_3weeks,Restricted_indoor_dining,dataobsID
Alabama,2020,9,20,1,d,9/20/2020,-0.121359223,-0.243975904,1,0,0,0,0,9201
Alaska,2020,9,20,2,d,9/20/2020,0,-0.800204918,1,0,0,0,0,9202
Arizona,2020,9,20,4,d,9/20/2020,0.35,-0.159891599,1,0,0,0,0,9204
Arkansas,2020,9,20,5,d,9/20/2020,0.0875,0.817658349,1,0,0,0,0,9205
California,2020,9,20,6,d,9/20/2020,-0.268032787,-0.199300699,1,0,0,0,0,9206
Colorado,2020,9,20,8,d,9/20/2020,0.708015267,-0.171658986,1,0,0,0,0,9208
Connecticut,2020,9,20,9,d,9/20/2020,0.378223496,3.008333333,1,0,0,0,0,9209
Delaware,2020,9,20,10,d,9/20/2020,0.019417476,0.198910082,1,0,0,0,0,92010
Florida,2020,9,20,12,d,9/20/2020,-0.206060606,-0.057613169,1,0,0,0,0,92012
Georgia,2020,9,20,13,d,9/20/2020,-0.181818182,-0.378521127,1,0,0,0,0,92013
Hawaii,2020,9,20,15,d,9/20/2020,-0.520915033,-0.045045045,1,0,0,0,0,92015
Idaho,2020,9,20,16,d,9/20/2020,0.031055901,0,1,0,0,0,0,92016
Illinois,2020,9,20,17,d,9/20/2020,-0.209677419,-0.142857143,1,0,0,0,0,92017
Indiana,2020,9,20,18,d,9/20/2020,-0.129496403,-0.070967742,1,0,0,0,0,92018
Iowa,2020,9,20,19,d,9/20/2020,0.023622047,-0.167346939,1,0,0,0,0,92019
Kansas,2020,9,20,20,d,9/20/2020,-0.02955665,0.845679012,1,0,0,0,0,92020
Kentucky,2020,9,20,21,d,9/20/2020,-0.197916667,-0.5390625,1,0,0,0,0,92021
Louisiana,2020,9,20,22,d,9/20/2020,-0.25625,-0.190763052,1,0,0,0,0,92022
Maine,2020,9,20,23,d,9/20/2020,0.270718232,0.497652582,1,0,0,0,0,92023
Maryland,2020,9,20,24,d,9/20/2020,-0.051485149,-0.127027027,1,0,0,0,0,92024
Massachusetts,2020,9,20,25,d,9/20/2020,0.110453649,0.310126582,1,0,0,0,0,92025
Michigan,2020,9,20,26,d,9/20/2020,0.077151335,0,1,0,0,0,0,92026
Minnesota,2020,9,20,27,d,9/20/2020,0.058394161,0.054054054,1,0,0,0,0,92027
Mississippi,2020,9,20,28,d,9/20/2020,-0.168316832,-0.209912536,1,0,0,0,0,92028
Missouri,2020,9,20,29,d,9/20/2020,0.061403509,-0.321799308,1,0,0,0,0,92029
Montana,2020,9,20,30,d,9/20/2020,0.376,0.614942529,1,0,0,0,0,92030
Nebraska,2020,9,20,31,d,9/20/2020,0.573529412,-0.467567568,1,0,0,0,0,92031
Nevada,2020,9,20,32,d,9/20/2020,-0.173228346,-0.123486683,1,0,0,0,0,92032
New Hampshire,2020,9,20,33,d,9/20/2020,0.300492611,1,1,0,0,0,0,92033
New Jersey,2020,9,20,34,d,9/20/2020,0.276649746,-0.307416268,1,0,0,0,0,92034
New Mexico,2020,9,20,35,d,9/20/2020,-0.007130125,-0.213333333,1,0,0,0,0,92035
New York,2020,9,20,36,d,9/20/2020,0.027777778,0.117333333,1,0,0,0,0,92036
North Carolina,2020,9,20,37,d,9/20/2020,-0.186206897,-0.044280443,1,0,0,0,0,92037
North Dakota,2020,9,20,38,d,9/20/2020,0.232044199,0.717557252,1,0,0,0,0,92038
Ohio,2020,9,20,39,d,9/20/2020,-0.164356436,0.525,1,0,0,0,0,92039
Oklahoma,2020,9,20,40,d,9/20/2020,0.331683168,-0.241025641,1,0,0,0,0,92040
Oregon,2020,9,20,41,d,9/20/2020,-0.017821782,-0.048744461,1,0,0,0,0,92041
Pennsylvania,2020,9,20,42,d,9/20/2020,0.091757387,0.41509434,1,0,0,0,0,92042
Rhode Island,2020,9,20,44,d,9/20/2020,0.276821192,0.892561983,1,0,0,0,0,92044
South Carolina,2020,9,20,45,d,9/20/2020,-0.119565217,-0.240890688,1,0,0,0,0,92045
South Dakota,2020,9,20,46,d,9/20/2020,0.148788927,2.003095975,1,0,0,0,0,92046
Tennessee,2020,9,20,47,d,9/20/2020,0,0.176706827,1,0,0,0,0,92047
Texas,2020,9,20,48,d,9/20/2020,0.126760563,-0.248366013,1,0,0,0,0,92048
Utah,2020,9,20,49,d,9/20/2020,1.096,-0.600299401,1,0,0,0,0,92049
Virginia,2020,9,20,51,d,9/20/2020,-0.066666667,1.675824176,1,0,0,0,0,92051
Washington,2020,9,20,53,d,9/20/2020,-0.078817734,0,1,0,0,0,0,92053
West Virginia,2020,9,20,54,d,9/20/2020,0.038461538,0.33460076,1,0,0,0,0,92054
Wisconsin,2020,9,20,55,d,9/20/2020,1.066666667,-0.308181818,1,0,0,0,0,92055
Wyoming,2020,9,20,56,d,9/20/2020,1.485659656,0.406504065,1,0,0,0,0,92056
Alabama,2020,9,27,1,d,9/27/2020,0.138297872,-0.136986301,2,0,0,0,0,9271
Alaska,2020,9,27,2,d,9/27/2020,0.230769231,3.987212276,2,0,0,0,0,9272
Arizona,2020,9,27,4,d,9/27/2020,0.17472119,0.419191919,2,0,0,0,0,9274
Arkansas,2020,9,27,5,d,9/27/2020,0.285714286,0.458737864,2,0,0,0,0,9275
California,2020,9,27,6,d,9/27/2020,0.020310633,-0.101265823,2,0,0,0,0,9276
Colorado,2020,9,27,8,d,9/27/2020,1.1,0.786743516,2,0,0,0,0,9278
Connecticut,2020,9,27,9,d,9/27/2020,0.103896104,-0.249480249,2,0,0,0,0,9279
Delaware,2020,9,27,10,d,9/27/2020,-0.13559322,1,2,0,0,0,0,92710
Florida,2020,9,27,12,d,9/27/2020,-0.042735043,-0.02970297,2,0,0,0,0,92712
Georgia,2020,9,27,13,d,9/27/2020,-0.162162162,0.153061224,2,0,0,0,0,92713
Hawaii,2020,9,27,15,d,9/27/2020,-0.254048583,-0.141843972,2,0,0,0,0,92715
Idaho,2020,9,27,16,d,9/27/2020,0.664122137,-0.413793103,2,0,0,0,0,92716
Illinois,2020,9,27,17,d,9/27/2020,0.154411765,0.040697674,2,0,0,0,0,92717
Indiana,2020,9,27,18,d,9/27/2020,-0.015503876,0,2,0,0,0,0,92718
Iowa,2020,9,27,19,d,9/27/2020,0.391089109,-0.0375,2,0,0,0,0,92719
Kansas,2020,9,27,20,d,9/27/2020,0.39375,-0.265384615,2,0,0,0,0,92720
Kentucky,2020,9,27,21,d,9/27/2020,0.11971831,-0.252336449,2,0,0,0,0,92721
Louisiana,2020,9,27,22,d,9/27/2020,-0.176056338,-0.302752294,2,0,0,0,0,92722
Maine,2020,9,27,23,d,9/27/2020,0.15625,-0.502347418,2,0,0,0,0,92723
Maryland,2020,9,27,24,d,9/27/2020,-0.19895288,0.431670282,2,0,0,0,0,92724
Massachusetts,2020,9,27,25,d,9/27/2020,0.371002132,0.107954545,2,0,0,0,0,92725
Michigan,2020,9,27,26,d,9/27/2020,0.086060606,-0.292517007,2,0,0,0,0,92726
Minnesota,2020,9,27,27,d,9/27/2020,0.802757158,-0.305732484,2,0,0,0,0,92727
Mississippi,2020,9,27,28,d,9/27/2020,0.174825175,-0.035055351,2,0,0,0,0,92728
Missouri,2020,9,27,29,d,9/27/2020,0.151111111,2.023529412,2,0,0,0,0,92729
Montana,2020,9,27,30,d,9/27/2020,1.362745098,-0.157480315,2,0,0,0,0,92730
Nebraska,2020,9,27,31,d,9/27/2020,0.294117647,-0.175298805,2,0,0,0,0,92731
Nevada,2020,9,27,32,d,9/27/2020,0.503340757,-0.115107914,2,0,0,0,0,92732
New Hampshire,2020,9,27,33,d,9/27/2020,-0.099236641,-0.666666667,2,0,0,0,0,92733
New Jersey,2020,9,27,34,d,9/27/2020,0.46746988,-0.072485207,2,0,0,0,0,92734
New Mexico,2020,9,27,35,d,9/27/2020,0.932735426,0.051470588,2,0,0,0,0,92735
New York,2020,9,27,36,d,9/27/2020,0.18258427,-0.182662539,2,0,0,0,0,92736
North Carolina,2020,9,27,37,d,9/27/2020,0.648648649,0.188073394,2,0,0,0,0,92737
North Dakota,2020,9,27,38,d,9/27/2020,0.421917808,2.548543689,2,0,0,0,0,92738
Ohio,2020,9,27,39,d,9/27/2020,-0.051373955,-0.193717277,2,0,0,0,0,92739
Oklahoma,2020,9,27,40,d,9/27/2020,0.314009662,0.154255319,2,0,0,0,0,92740
Oregon,2020,9,27,41,d,9/27/2020,0.561643836,-0.192962543,2,0,0,0,0,92741
Pennsylvania,2020,9,27,42,d,9/27/2020,0.234848485,0.67816092,2,0,0,0,0,92742
Rhode Island,2020,9,27,44,d,9/27/2020,-0.152295633,0.185185185,2,0,0,0,0,92744
South Carolina,2020,9,27,45,d,9/27/2020,0.182291667,-0.283095723,2,0,0,0,0,92745
South Dakota,2020,9,27,46,d,9/27/2020,0.858299595,0.449438202,2,0,0,0,0,92746
Tennessee,2020,9,27,47,d,9/27/2020,0.216049383,-0.276785714,2,0,0,0,0,92747
Texas,2020,9,27,48,d,9/27/2020,0.958677686,-0.064971751,2,0,0,0,0,92748
Utah,2020,9,27,49,d,9/27/2020,1.118055556,0.181632653,2,0,0,0,0,92749
Virginia,2020,9,27,51,d,9/27/2020,-0.18,2.12987013,2,0,0,0,0,92751
Washington,2020,9,27,53,d,9/27/2020,0.299810247,0.837037037,2,0,0,0,0,92753
West Virginia,2020,9,27,54,d,9/27/2020,0,0.201257862,2,0,0,0,0,92754
Wisconsin,2020,9,27,55,d,9/27/2020,0.823529412,-0.019417476,2,0,0,0,0,92755
Alabama,2020,10,4,1,d,10/4/2020,0.104972376,-0.35059761,3,0,0,0,0,1041
Alaska,2020,10,4,2,d,10/4/2020,0.657657658,1.005128205,3,0,0,0,0,1042
Arizona,2020,10,4,4,d,10/4/2020,-0.360185185,-0.474193548,3,0,0,0,0,1044
Arkansas,2020,10,4,5,d,10/4/2020,0.045977011,-0.41499472,3,0,0,0,0,1045
California,2020,10,4,6,d,10/4/2020,-0.071668533,-0.144104803,3,0,0,0,0,1046
Colorado,2020,10,4,8,d,10/4/2020,0.08603352,0,3,0,0,0,0,1048
Connecticut,2020,10,4,9,d,10/4/2020,0.424116424,0,3,0,0,0,0,1049
Delaware,2020,10,4,10,d,10/4/2020,0.371428571,1,3,0,0,0,0,10410
Florida,2020,10,4,12,d,10/4/2020,-0.190839695,-0.072052402,3,0,0,0,0,10412
Georgia,2020,10,4,13,d,10/4/2020,-0.254901961,-0.198300283,3,0,0,0,0,10413
Hawaii,2020,10,4,15,d,10/4/2020,-0.04638472,0.141509434,3,0,0,0,0,10415
Idaho,2020,10,4,16,d,10/4/2020,0.668674699,-0.185185185,3,0,0,0,0,10416
Illinois,2020,10,4,17,d,10/4/2020,0.068027211,0.378205128,3,0,0,0,0,10417
Indiana,2020,10,4,18,d,10/4/2020,0.363636364,0.381944444,3,0,0,0,0,10418
Iowa,2020,10,4,19,d,10/4/2020,0.065384615,0.573529412,3,0,0,0,0,10419
Kansas,2020,10,4,20,d,10/4/2020,0.121827411,0.016722408,3,0,0,0,0,10420
Kentucky,2020,10,4,21,d,10/4/2020,0.181818182,0.43220339,3,0,0,0,0,10421
Louisiana,2020,10,4,22,d,10/4/2020,-0.058823529,-0.146401985,3,0,0,0,0,10422
Maine,2020,10,4,23,d,10/4/2020,0.065217391,-0.332288401,3,0,0,0,0,10423
Maryland,2020,10,4,24,d,10/4/2020,-0.040709812,-0.439628483,3,0,0,0,0,10424
Massachusetts,2020,10,4,25,d,10/4/2020,0.584369449,0.062801932,3,0,0,0,0,10425
Michigan,2020,10,4,26,d,10/4/2020,0.355371901,0.374407583,3,0,0,0,0,10426
Minnesota,2020,10,4,27,d,10/4/2020,0.24137931,0.581196581,3,0,0,0,0,10427
Mississippi,2020,10,4,28,d,10/4/2020,0.035714286,-0.167896679,3,0,0,0,0,10428
Missouri,2020,10,4,29,d,10/4/2020,-0.078512397,0.224489796,3,0,0,0,0,10429
Montana,2020,10,4,30,d,10/4/2020,1.029069767,-0.334519573,3,0,0,0,0,10430
Nebraska,2020,10,4,31,d,10/4/2020,0.289719626,1.368866328,3,0,0,0,0,10431
Nevada,2020,10,4,32,d,10/4/2020,0.466666667,-0.513812155,3,0,0,0,0,10432
New Hampshire,2020,10,4,33,d,10/4/2020,0.882575758,1,3,0,0,0,0,10433
New Jersey,2020,10,4,34,d,10/4/2020,0.487077535,-0.165803109,3,0,0,0,0,10434
New Mexico,2020,10,4,35,d,10/4/2020,0.992818671,-0.152542373,3,0,0,0,0,10435
New York,2020,10,4,36,d,10/4/2020,0.616707617,0.594272076,3,0,0,0,0,10436
North Carolina,2020,10,4,37,d,10/4/2020,0.177966102,0.015444015,3,0,0,0,0,10437
North Dakota,2020,10,4,38,d,10/4/2020,0.188340807,0.791111111,3,0,0,0,0,10438
Ohio,2020,10,4,39,d,10/4/2020,0.172985782,-0.077868852,3,0,0,0,0,10439
Oklahoma,2020,10,4,40,d,10/4/2020,-0.063197026,0.121621622,3,0,0,0,0,10440
Oregon,2020,10,4,41,d,10/4/2020,0.33266129,0.26242236,3,0,0,0,0,10441
Pennsylvania,2020,10,4,42,d,10/4/2020,0.175213675,-0.206666667,3,0,0,0,0,10442
Rhode Island,2020,10,4,44,d,10/4/2020,0.255186722,-0.35371179,3,0,0,0,0,10444
South Carolina,2020,10,4,45,d,10/4/2020,-0.024691358,-0.061333333,3,0,0,0,0,10445
South Dakota,2020,10,4,46,d,10/4/2020,0.40060241,0.663230241,3,0,0,0,0,10446
Tennessee,2020,10,4,47,d,10/4/2020,-0.274261603,0.42662116,3,0,0,0,0,10447
Texas,2020,10,4,48,d,10/4/2020,-0.01875,-0.086956522,3,0,0,0,0,10448
Utah,2020,10,4,49,d,10/4/2020,0.190839695,3.157303371,3,0,0,0,0,10449
Virginia,2020,10,4,51,d,10/4/2020,-0.144642857,-0.607802875,3,0,0,0,0,10451
Washington,2020,10,4,53,d,10/4/2020,0.23885918,-0.176593521,3,0,0,0,0,10453
West Virginia,2020,10,4,54,d,10/4/2020,-0.055555556,-0.455840456,3,0,0,0,0,10454
Wisconsin,2020,10,4,55,d,10/4/2020,0.380645161,2.127463863,3,0,0,0,0,10455
Wyoming,2020,10,4,56,d,10/4/2020,0.653846154,-0.571676301,3,0,0,0,0,10456
Alabama,2020,10,11,1,d,10/11/2020,-0.158878505,0.634920635,4,0,0,0,0,10111
Alaska,2020,10,11,2,d,10/11/2020,0.9921875,-0.799487179,4,0,0,0,0,10112
Arizona,2020,10,11,4,d,10/11/2020,0.496835443,-0.629893238,4,0,0,0,0,10114
Arkansas,2020,10,11,5,d,10/11/2020,0.057471264,0.134775374,4,0,0,0,0,10115
California,2020,10,11,6,d,10/11/2020,-0.050351288,-0.267605634,4,0,0,0,0,10116
Colorado,2020,10,11,8,d,10/11/2020,0.266666667,1.274193548,4,0,0,0,0,10118
Connecticut,2020,10,11,9,d,10/11/2020,0.642352941,0.886426593,4,0,0,0,0,10119
Delaware,2020,10,11,10,d,10/11/2020,0.274509804,-0.25,4,0,0,0,0,101110
Florida,2020,10,11,12,d,10/11/2020,0.071428571,-0.059183673,4,0,0,0,0,101112
Georgia,2020,10,11,13,d,10/11/2020,0.008064516,-0.265486726,4,0,0,0,0,101113
Hawaii,2020,10,11,15,d,10/11/2020,-0.074626866,0.082644628,4,0,0,0,0,101115
Idaho,2020,10,11,16,d,10/11/2020,0.536697248,0.529411765,4,0,0,0,0,101116
Illinois,2020,10,11,17,d,10/11/2020,0.27388535,0.229050279,4,0,0,0,0,101117
Indiana,2020,10,11,18,d,10/11/2020,0.645669291,0.554140127,4,0,0,0,0,101118
Iowa,2020,10,11,19,d,10/11/2020,0.160142349,0.471861472,4,0,0,0,0,101119
Kansas,2020,10,11,20,d,10/11/2020,0.044843049,0.821989529,4,0,0,0,0,101120
Kentucky,2020,10,11,21,d,10/11/2020,0.264150943,0.05625,4,0,0,0,0,101121
Louisiana,2020,10,11,22,d,10/11/2020,0.282051282,-0.210526316,4,0,0,0,0,101122
Maine,2020,10,11,23,d,10/11/2020,-0.022522523,0,4,0,0,0,0,101123
Maryland,2020,10,11,24,d,10/11/2020,0.25620915,-0.265909091,4,0,0,0,0,101124
Massachusetts,2020,10,11,25,d,10/11/2020,0.275272162,0,4,0,0,0,0,101125
Michigan,2020,10,11,26,d,10/11/2020,0.305803571,0.317307692,4,0,0,0,0,101126
Minnesota,2020,10,11,27,d,10/11/2020,0.258823529,0.422018349,4,0,0,0,0,101127
Mississippi,2020,10,11,28,d,10/11/2020,0.267857143,-0.193116635,4,0,0,0,0,101128
Missouri,2020,10,11,29,d,10/11/2020,0.150579151,0.190661479,4,0,0,0,0,101129
Montana,2020,10,11,30,d,10/11/2020,1.215767635,0.434579439,4,0,0,0,0,101130
Nebraska,2020,10,11,31,d,10/11/2020,0.536363636,-0.251207729,4,0,0,0,0,101131
Nevada,2020,10,11,32,d,10/11/2020,0.303703704,-0.243902439,4,0,0,0,0,101132
New Hampshire,2020,10,11,33,d,10/11/2020,1.216101695,12.04761905,4,0,0,0,0,101133
New Jersey,2020,10,11,34,d,10/11/2020,0.433497537,-0.025518341,4,0,0,0,0,101134
New Mexico,2020,10,11,35,d,10/11/2020,0.983758701,-0.097902098,4,0,0,0,0,101135
New York,2020,10,11,36,d,10/11/2020,0.693586698,0.837121212,4,0,0,0,0,101136
North Carolina,2020,10,11,37,d,10/11/2020,0.038251366,-0.274131274,4,0,0,0,0,101137
North Dakota,2020,10,11,38,d,10/11/2020,0.342967245,0.69630643,4,0,0,0,0,101138
Ohio,2020,10,11,39,d,10/11/2020,0.511335013,-0.412987013,4,0,0,0,0,101139
Oklahoma,2020,10,11,40,d,10/11/2020,0.069852941,-0.235023041,4,0,0,0,0,101140
Oregon,2020,10,11,41,d,10/11/2020,0.233918129,0.286919831,4,0,0,0,0,101141
Pennsylvania,2020,10,11,42,d,10/11/2020,0.481595092,0.061643836,4,0,0,0,0,101142
Rhode Island,2020,10,11,44,d,10/11/2020,1.166446499,-0.3671875,4,0,0,0,0,101144
South Carolina,2020,10,11,45,d,10/11/2020,-0.286343612,-0.21875,4,0,0,0,0,101145
South Dakota,2020,10,11,46,d,10/11/2020,0.459694989,1.379844961,4,0,0,0,0,101146
Tennessee,2020,10,11,47,d,10/11/2020,0.395939086,0.212962963,4,0,0,0,0,101147
Texas,2020,10,11,48,d,10/11/2020,-0.371308017,-0.141993958,4,0,0,0,0,101148
Utah,2020,10,11,49,d,10/11/2020,0.203278689,2.074265976,4,0,0,0,0,101149
Virginia,2020,10,11,51,d,10/11/2020,0.219512195,-0.410788382,4,0,0,0,0,101151
Washington,2020,10,11,53,d,10/11/2020,0.094890511,-0.228225806,4,0,0,0,0,101153
West Virginia,2020,10,11,54,d,10/11/2020,0.165048544,0,4,0,0,0,0,101154
Wisconsin,2020,10,11,55,d,10/11/2020,0.220430108,1.158415842,4,0,0,0,0,101155
Wyoming,2020,10,11,56,d,10/11/2020,0.45212766,0,4,0,0,0,0,101156
Alabama,2020,10,18,1,d,10/18/2020,0.06,1.214723926,5,0,0,0,0,10181
Alaska,2020,10,18,2,d,10/18/2020,0.407608696,2.503836317,5,0,0,0,0,10182
Arizona,2020,10,18,4,d,10/18/2020,0.577424023,-0.18404908,5,0,0,0,0,10184
Arkansas,2020,10,18,5,d,10/18/2020,0.080586081,0.153429603,5,0,0,0,0,10185
California,2020,10,18,6,d,10/18/2020,-0.069963812,-0.265306122,5,0,0,0,0,10186
Colorado,2020,10,18,8,d,10/18/2020,0.800411523,1.23922114,5,0,0,0,0,10188
Connecticut,2020,10,18,9,d,10/18/2020,0.635036496,0,5,0,0,0,0,10189
Delaware,2020,10,18,10,d,10/18/2020,-0.020833333,-0.085227273,5,0,0,0,0,101810
Florida,2020,10,18,12,d,10/18/2020,0.29245283,-0.056470588,5,0,0,0,0,101812
Georgia,2020,10,18,13,d,10/18/2020,0.438596491,0.017667845,5,0,0,0,0,101813
Hawaii,2020,10,18,15,d,10/18/2020,-0.206008584,-0.247933884,5,0,0,0,0,101815
Idaho,2020,10,18,16,d,10/18/2020,0.42599278,0.090909091,5,0,0,0,0,101816
Illinois,2020,10,18,17,d,10/18/2020,0.859872611,0.288372093,5,0,0,0,0,101817
Indiana,2020,10,18,18,d,10/18/2020,0.624242424,0.577889447,5,0,0,0,0,101818
Iowa,2020,10,18,19,d,10/18/2020,0.209386282,-0.012461059,5,0,0,0,0,101819
Kansas,2020,10,18,20,d,10/18/2020,0.21719457,0.450657895,5,0,0,0,0,101820
Kentucky,2020,10,18,21,d,10/18/2020,0.263736264,0.455621302,5,0,0,0,0,101821
Louisiana,2020,10,18,22,d,10/18/2020,0.178571429,-0.151162791,5,0,0,0,0,101822
Maine,2020,10,18,23,d,10/18/2020,-0.06122449,0.497652582,5,0,0,0,0,101823
Maryland,2020,10,18,24,d,10/18/2020,0.109902067,0.653775322,5,0,0,0,0,101824
Massachusetts,2020,10,18,25,d,10/18/2020,0.105381166,0.254545455,5,0,0,0,0,101825
Michigan,2020,10,18,26,d,10/18/2020,0.432926829,0.25862069,5,0,0,0,0,101826
Minnesota,2020,10,18,27,d,10/18/2020,0.483333333,0.275675676,5,0,0,0,0,101827
Mississippi,2020,10,18,28,d,10/18/2020,0.465517241,-0.254988914,5,0,0,0,0,101828
Missouri,2020,10,18,29,d,10/18/2020,0.426008969,0.6,5,0,0,0,0,101829
Montana,2020,10,18,30,d,10/18/2020,0.564469914,1.213903743,5,0,0,0,0,101830
Nebraska,2020,10,18,31,d,10/18/2020,0.52173913,0.685714286,5,0,0,0,0,101831
Nevada,2020,10,18,32,d,10/18/2020,0.337662338,0.267045455,5,0,0,0,0,101832
New Hampshire,2020,10,18,33,d,10/18/2020,0.16498994,1.761904762,5,0,0,0,0,101833
New Jersey,2020,10,18,34,d,10/18/2020,0.377005348,0.231884058,5,0,0,0,0,101834
New Mexico,2020,10,18,35,d,10/18/2020,1.333333333,0.046666667,5,0,0,0,0,101835
New York,2020,10,18,36,d,10/18/2020,0.117021277,0.02245509,5,0,0,0,0,101836
North Carolina,2020,10,18,37,d,10/18/2020,0.424460432,-0.117870722,5,0,0,0,0,101837
North Dakota,2020,10,18,38,d,10/18/2020,0.667924528,0.538461538,5,0,0,0,0,101838
Ohio,2020,10,18,39,d,10/18/2020,0.606060606,-0.630666667,5,0,0,0,0,101839
Oklahoma,2020,10,18,40,d,10/18/2020,0.134920635,0.590361446,5,0,0,0,0,101840
Oregon,2020,10,18,41,d,10/18/2020,0.163388805,-0.083640836,5,0,0,0,0,101841
Pennsylvania,2020,10,18,42,d,10/18/2020,0.345454545,0.210084034,5,0,0,0,0,101842
Rhode Island,2020,10,18,44,d,10/18/2020,0.553719008,1.006756757,5,0,0,0,0,101844
South Carolina,2020,10,18,45,d,10/18/2020,0.158227848,-0.227272727,5,0,0,0,0,101845
South Dakota,2020,10,18,46,d,10/18/2020,0.634408602,0.233471074,5,0,0,0,0,101846
Tennessee,2020,10,18,47,d,10/18/2020,0.668604651,-0.270334928,5,0,0,0,0,101847
Texas,2020,10,18,48,d,10/18/2020,0.146496815,-0.228571429,5,0,0,0,0,101848
Utah,2020,10,18,49,d,10/18/2020,0.221153846,0.045045045,5,0,0,0,0,101849
Virginia,2020,10,18,51,d,10/18/2020,0.294363257,-0.340314136,5,0,0,0,0,101851
Washington,2020,10,18,53,d,10/18/2020,0.316546763,0.19035533,5,0,0,0,0,101853
West Virginia,2020,10,18,54,d,10/18/2020,0.529411765,-0.287958115,5,0,0,0,0,101854
Wisconsin,2020,10,18,55,d,10/18/2020,-0.011682243,0.142857143,5,0,0,0,0,101855
Wyoming,2020,10,18,56,d,10/18/2020,0.623255814,0,5,0,0,0,0,101856
Alabama,2020,10,25,1,d,10/25/2020,0.9,-0.265372168,6,0,0,0,0,10251
Alaska,2020,10,25,2,d,10/25/2020,0.556862745,-0.501278772,6,0,0,0,0,10252
Arizona,2020,10,25,4,d,10/25/2020,0.458773784,-0.113461538,6,0,0,0,0,10254
Arkansas,2020,10,25,5,d,10/25/2020,0.210144928,-0.250733138,6,0,0,0,0,10255
California,2020,10,25,6,d,10/25/2020,0.381011097,-0.121794872,6,0,0,0,0,10256
Colorado,2020,10,25,8,d,10/25/2020,0.857142857,-0.205673759,6,0,0,0,0,10258
Connecticut,2020,10,25,9,d,10/25/2020,0.848137536,1.055800294,6,0,0,0,0,10259
Delaware,2020,10,25,10,d,10/25/2020,-0.023076923,0.78030303,6,0,0,0,0,102510
Florida,2020,10,25,12,d,10/25/2020,0.308333333,-0.334056399,6,0,0,0,0,102512
Georgia,2020,10,25,13,d,10/25/2020,0.248,-0.328313253,6,0,0,0,0,102513
Hawaii,2020,10,25,15,d,10/25/2020,-0.052785924,0.923664122,6,0,0,0,0,102515
Idaho,2020,10,25,16,d,10/25/2020,0.492537313,0.615384615,6,0,0,0,0,102516
Illinois,2020,10,25,17,d,10/25/2020,0.76,0.522727273,6,0,0,0,0,102517
Indiana,2020,10,25,18,d,10/25/2020,0.526315789,0.680327869,6,0,0,0,0,102518
Iowa,2020,10,25,19,d,10/25/2020,0.236196319,0.370588235,6,0,0,0,0,102519
Kansas,2020,10,25,20,d,10/25/2020,0.163090129,0.635057471,6,0,0,0,0,102520
Kentucky,2020,10,25,21,d,10/25/2020,0.462686567,0.893491124,6,0,0,0,0,102521
Louisiana,2020,10,25,22,d,10/25/2020,-0.033333333,0.1125,6,0,0,0,0,102522
Maine,2020,10,25,23,d,10/25/2020,0.281105991,-1,6,0,0,0,0,102523
Maryland,2020,10,25,24,d,10/25/2020,0.134235172,0.434468524,6,0,0,0,0,102524
Massachusetts,2020,10,25,25,d,10/25/2020,0.743902439,0.348717949,6,0,0,0,0,102525
Michigan,2020,10,25,26,d,10/25/2020,0.974358974,1.080291971,6,0,0,0,0,102526
Minnesota,2020,10,25,27,d,10/25/2020,0.299065421,0.877419355,6,0,0,0,0,102527
Mississippi,2020,10,25,28,d,10/25/2020,0.093896714,-0.045023697,6,0,0,0,0,102528
Missouri,2020,10,25,29,d,10/25/2020,0.023489933,-0.205882353,6,0,0,0,0,102529
Montana,2020,10,25,30,d,10/25/2020,0.265917603,1.482084691,6,0,0,0,0,102530
Nebraska,2020,10,25,31,d,10/25/2020,0.25147929,1.238709677,6,0,0,0,0,102531
Nevada,2020,10,25,32,d,10/25/2020,0.431818182,-0.075268817,6,0,0,0,0,102532
New Hampshire,2020,10,25,33,d,10/25/2020,0.273422562,-0.540145985,6,0,0,0,0,102533
New Jersey,2020,10,25,34,d,10/25/2020,0.557846506,0.947626841,6,0,0,0,0,102534
New Mexico,2020,10,25,35,d,10/25/2020,1.023391813,0.744186047,6,0,0,0,0,102535
New York,2020,10,25,36,d,10/25/2020,0.151472651,0.317525773,6,0,0,0,0,102536
North Carolina,2020,10,25,37,d,10/25/2020,0.005263158,0.606382979,6,0,0,0,0,102537
North Dakota,2020,10,25,38,d,10/25/2020,0.549497848,-0.213709677,6,0,0,0,0,102538
Ohio,2020,10,25,39,d,10/25/2020,0.666666667,0.880530973,6,0,0,0,0,102539
Oklahoma,2020,10,25,40,d,10/25/2020,0.171821306,0.698795181,6,0,0,0,0,102540
Oregon,2020,10,25,41,d,10/25/2020,0.030805687,0.180327869,6,0,0,0,0,102541
Pennsylvania,2020,10,25,42,d,10/25/2020,0.387163561,0.258064516,6,0,0,0,0,102542
Rhode Island,2020,10,25,44,d,10/25/2020,0.993902439,1.080246914,6,0,0,0,0,102544
South Carolina,2020,10,25,45,d,10/25/2020,0.148148148,0.534545455,6,0,0,0,0,102545
South Dakota,2020,10,25,46,d,10/25/2020,0.429850746,0.368078176,6,0,0,0,0,102546
Tennessee,2020,10,25,47,d,10/25/2020,0.4,0.175572519,6,0,0,0,0,102547
Texas,2020,10,25,48,d,10/25/2020,0.362416107,-0.13028169,6,0,0,0,0,102548
Utah,2020,10,25,49,d,10/25/2020,0.294277929,-0.297752809,6,0,0,0,0,102549
Virginia,2020,10,25,51,d,10/25/2020,0.052173913,0.718309859,6,0,0,0,0,102551
Washington,2020,10,25,53,d,10/25/2020,0.217333333,0.118077325,6,0,0,0,0,102553
West Virginia,2020,10,25,54,d,10/25/2020,0.208333333,0,6,0,0,0,0,102554
Wisconsin,2020,10,25,55,d,10/25/2020,0.797356828,1.54587156,6,0,0,0,0,102555
Wyoming,2020,10,25,56,d,10/25/2020,0.824175824,10.01214575,6,0,0,0,0,102556
Alabama,2020,11,1,1,d,11/1/2020,0.325471698,-0.135734072,7,0,0,0,0,1111
Alaska,2020,11,1,2,d,11/1/2020,0.980694981,0.99270073,7,0,0,0,0,1112
Arizona,2020,11,1,4,d,11/1/2020,0.669724771,0.578947368,7,0,0,0,0,1114
Arkansas,2020,11,1,5,d,11/1/2020,0.115254237,0.081377152,7,0,0,0,0,1115
California,2020,11,1,6,d,11/1/2020,0.387808042,-0.215277778,7,0,0,0,0,1116
Colorado,2020,11,1,8,d,11/1/2020,1.114285714,0.049689441,7,0,0,0,0,1118
Connecticut,2020,11,1,9,d,11/1/2020,0.848214286,2.243243243,7,0,0,0,0,1119
Delaware,2020,11,1,10,d,11/1/2020,0.212765957,1.639751553,7,0,0,0,0,11110
Florida,2020,11,1,12,d,11/1/2020,0.394160584,-0.403990025,7,0,0,0,0,11112
Georgia,2020,11,1,13,d,11/1/2020,0.097560976,-0.225694444,7,0,0,0,0,11113
Hawaii,2020,11,1,15,d,11/1/2020,-0.156756757,-0.612087912,7,0,0,0,0,11115
Idaho,2020,11,1,16,d,11/1/2020,0.2,1.375,7,0,0,0,0,11116
Illinois,2020,11,1,17,d,11/1/2020,0.729452055,0.23465704,7,0,0,0,0,11117
Indiana,2020,11,1,18,d,11/1/2020,0.548507463,0.582802548,7,0,0,0,0,11118
Iowa,2020,11,1,19,d,11/1/2020,1.008955224,0.400630915,7,0,0,0,0,11119
Kansas,2020,11,1,20,d,11/1/2020,0.56133829,-0.399092971,7,0,0,0,0,11120
Kentucky,2020,11,1,21,d,11/1/2020,0.652173913,0.06504065,7,0,0,0,0,11121
Louisiana,2020,11,1,22,d,11/1/2020,-0.037878788,-0.065068493,7,0,0,0,0,11122
Maine,2020,11,1,23,d,11/1/2020,1.373913043,-0.667711599,7,0,0,0,0,11123
Maryland,2020,11,1,24,d,11/1/2020,0.352941176,0.469933185,7,0,0,0,0,11124
Massachusetts,2020,11,1,25,d,11/1/2020,0.9168357,0.119565217,7,0,0,0,0,11125
Michigan,2020,11,1,26,d,11/1/2020,1.226950355,0.746575342,7,0,0,0,0,11126
Minnesota,2020,11,1,27,d,11/1/2020,0.599250936,0.36440678,7,0,0,0,0,11127
Mississippi,2020,11,1,28,d,11/1/2020,0.019607843,0.327380952,7,0,0,0,0,11128
Missouri,2020,11,1,29,d,11/1/2020,0.235849057,0.419270833,7,0,0,0,0,11129
Montana,2020,11,1,30,d,11/1/2020,0.375457875,1.584541063,7,0,0,0,0,11130
Nebraska,2020,11,1,31,d,11/1/2020,0.383333333,0.690677966,7,0,0,0,0,11131
Nevada,2020,11,1,32,d,11/1/2020,0.305825243,-0.273542601,7,0,0,0,0,11132
New Hampshire,2020,11,1,33,d,11/1/2020,0.607944732,-0.094827586,7,0,0,0,0,11133
New Jersey,2020,11,1,34,d,11/1/2020,0.747572816,0.865546218,7,0,0,0,0,11134
New Mexico,2020,11,1,35,d,11/1/2020,0.413127413,1.560509554,7,0,0,0,0,11135
New York,2020,11,1,36,d,11/1/2020,0.428571429,0.237188873,7,0,0,0,0,11136
North Carolina,2020,11,1,37,d,11/1/2020,0.141414141,0.301724138,7,0,0,0,0,11137
North Dakota,2020,11,1,38,d,11/1/2020,0.549773756,0.137096774,7,0,0,0,0,11138
Ohio,2020,11,1,39,d,11/1/2020,0.603773585,0.432009627,7,0,0,0,0,11139
Oklahoma,2020,11,1,40,d,11/1/2020,-0.06993007,0.314393939,7,0,0,0,0,11140
Oregon,2020,11,1,41,d,11/1/2020,0.456436931,0.677852349,7,0,0,0,0,11141
Pennsylvania,2020,11,1,42,d,11/1/2020,0.585585586,0.222222222,7,0,0,0,0,11142
Rhode Island,2020,11,1,44,d,11/1/2020,0.978723404,0.090909091,7,0,0,0,0,11144
South Carolina,2020,11,1,45,d,11/1/2020,0.114754098,0.367647059,7,0,0,0,0,11145
South Dakota,2020,11,1,46,d,11/1/2020,0.723684211,0.675041876,7,0,0,0,0,11146
Tennessee,2020,11,1,47,d,11/1/2020,0.031358885,0.48852459,7,0,0,0,0,11147
Texas,2020,11,1,48,d,11/1/2020,0.294444444,0.094650206,7,0,0,0,0,11148
Utah,2020,11,1,49,d,11/1/2020,0.341207349,0.612068966,7,0,0,0,0,11149
Virginia,2020,11,1,51,d,11/1/2020,0.217741935,0.007936508,7,0,0,0,0,11151
Washington,2020,11,1,53,d,11/1/2020,0.202185792,0.439232409,7,0,0,0,0,11153
West Virginia,2020,11,1,54,d,11/1/2020,0.519230769,0.992647059,7,0,0,0,0,11154
Wisconsin,2020,11,1,55,d,11/1/2020,0.886524823,1.669117647,7,0,0,0,0,11155
Wyoming,2020,11,1,56,d,11/1/2020,0.896848138,5.32928475,7,0,0,0,0,11156
Alabama,2020,11,8,1,d,11/8/2020,-0.17251462,0.422907489,8,0,0,0,0,1181
Alaska,2020,11,8,2,d,11/8/2020,0.531486146,0,8,0,0,0,0,1182
Arizona,2020,11,8,4,d,11/8/2020,0.68115942,2.893709328,8,0,0,0,0,1184
Arkansas,2020,11,8,5,d,11/8/2020,0.248502994,0.176125245,8,0,0,0,0,1185
California,2020,11,8,6,d,11/8/2020,0.285714286,-0.197080292,8,0,0,0,0,1186
Colorado,2020,11,8,8,d,11/8/2020,1.133603239,1.410714286,8,0,0,0,0,1188
Connecticut,2020,11,8,9,d,11/8/2020,1.147286822,0.571428571,8,0,0,0,0,1189
Delaware,2020,11,8,10,d,11/8/2020,0.708661417,-0.50212766,8,0,0,0,0,11810
Florida,2020,11,8,12,d,11/8/2020,0.547770701,-0.280130293,8,0,0,0,0,11812
Georgia,2020,11,8,13,d,11/8/2020,0.461538462,0.188340807,8,0,0,0,0,11813
Hawaii,2020,11,8,15,d,11/8/2020,0.216718266,-0.91984127,8,0,0,0,0,11815
Idaho,2020,11,8,16,d,11/8/2020,0.27,0.428571429,8,0,0,0,0,11816
Illinois,2020,11,8,17,d,11/8/2020,1.053977273,0.537313433,8,0,0,0,0,11817
Indiana,2020,11,8,18,d,11/8/2020,0.884012539,0.370731707,8,0,0,0,0,11818
Iowa,2020,11,8,19,d,11/8/2020,1.754342432,0.087982833,8,0,0,0,0,11819
Kansas,2020,11,8,20,d,11/8/2020,1.350553506,0.181019332,8,0,0,0,0,11820
Kentucky,2020,11,8,21,d,11/8/2020,0.370748299,-0.13125,8,0,0,0,0,11821
Louisiana,2020,11,8,22,d,11/8/2020,0.117241379,0.265917603,8,0,0,0,0,11822
Maryland,2020,11,8,24,d,11/8/2020,0.697247706,0.021582734,8,0,0,0,0,11824
Massachusetts,2020,11,8,25,d,11/8/2020,0.692307692,0.205323194,8,0,0,0,0,11825
Michigan,2020,11,8,26,d,11/8/2020,0.956709957,0.224561404,8,0,0,0,0,11826
Minnesota,2020,11,8,27,d,11/8/2020,1.751798561,0.573883162,8,0,0,0,0,11827
Mississippi,2020,11,8,28,d,11/8/2020,0.274678112,0.131513648,8,0,0,0,0,11828
Missouri,2020,11,8,29,d,11/8/2020,0.872131148,-0.296296296,8,0,0,0,0,11829
Montana,2020,11,8,30,d,11/8/2020,0.223372781,0.364829396,8,0,0,0,0,11830
Nebraska,2020,11,8,31,d,11/8/2020,1.14893617,0.106628242,8,0,0,0,0,11831
Nevada,2020,11,8,32,d,11/8/2020,0.603174603,0.860465116,8,0,0,0,0,11832
New Hampshire,2020,11,8,33,d,11/8/2020,1.012012012,0,8,0,0,0,0,11833
New Jersey,2020,11,8,34,d,11/8/2020,0.772058824,0.016806723,8,0,0,0,0,11834
New Mexico,2020,11,8,35,d,11/8/2020,0.505780347,1.786666667,8,0,0,0,0,11835
New York,2020,11,8,36,d,11/8/2020,0.729598051,0.611893584,8,0,0,0,0,11836
North Carolina,2020,11,8,37,d,11/8/2020,0.193717277,0.013245033,8,0,0,0,0,11837
North Dakota,2020,11,8,38,d,11/8/2020,0.611111111,1.071794872,8,0,0,0,0,11838
Ohio,2020,11,8,39,d,11/8/2020,0.91,0.541176471,8,0,0,0,0,11839
Oklahoma,2020,11,8,40,d,11/8/2020,0.287390029,0.191489362,8,0,0,0,0,11840
Oregon,2020,11,8,41,d,11/8/2020,0.954022989,0.222222222,8,0,0,0,0,11841
Pennsylvania,2020,11,8,42,d,11/8/2020,0.723880597,0.174358974,8,0,0,0,0,11842
Rhode Island,2020,11,8,44,d,11/8/2020,0.44648318,-0.080118694,8,0,0,0,0,11844
South Carolina,2020,11,8,45,d,11/8/2020,0.14516129,-0.343601896,8,0,0,0,0,11845
South Dakota,2020,11,8,46,d,11/8/2020,0.356993737,0.904761905,8,0,0,0,0,11846
Tennessee,2020,11,8,47,d,11/8/2020,0.054545455,0.082251082,8,0,0,0,0,11847
Texas,2020,11,8,48,d,11/8/2020,0.433497537,0.344129555,8,0,0,0,0,11848
Utah,2020,11,8,49,d,11/8/2020,0.511578947,0.608,8,0,0,0,0,11849
Virginia,2020,11,8,51,d,11/8/2020,0.355371901,-0.643442623,8,0,0,0,0,11851
Washington,2020,11,8,53,d,11/8/2020,0.894852136,0.476635514,8,0,0,0,0,11853
West Virginia,2020,11,8,54,d,11/8/2020,0.937931034,0.879581152,8,0,0,0,0,11854
Wisconsin,2020,11,8,55,d,11/8/2020,0.216911765,0.264864865,8,0,0,0,0,11855
Wyoming,2020,11,8,56,d,11/8/2020,0.777108434,1.448529412,8,0,0,0,0,11856
Alabama,2020,11,15,1,d,11/15/2020,0.466192171,0.532051282,9,0,0,0,0,11151
Alaska,2020,11,15,2,d,11/15/2020,0.512670565,-0.06959707,9,0,0,0,0,11152
Arizona,2020,11,15,4,d,11/15/2020,0.747252747,0.29047619,9,0,0,0,0,11154
Arkansas,2020,11,15,5,d,11/15/2020,0.607902736,-0.328509407,9,0,0,0,0,11155
California,2020,11,15,6,d,11/15/2020,0.934579439,-0.07079646,9,0,0,0,0,11156
Colorado,2020,11,15,8,d,11/15/2020,1.181081081,1.24852071,9,0,0,0,0,11158
Connecticut,2020,11,15,9,d,11/15/2020,1.038647343,0.692307692,9,0,0,0,0,11159
Delaware,2020,11,15,10,d,11/15/2020,0.888888889,-0.378823529,9,0,0,0,0,111510
Florida,2020,11,15,12,d,11/15/2020,0.439790576,0.10460251,9,0,0,0,0,111512
Georgia,2020,11,15,13,d,11/15/2020,0.411111111,0.820627803,9,0,0,0,0,111513
Hawaii,2020,11,15,15,d,11/15/2020,0.192307692,-0.85694051,9,0,0,0,0,111515
Idaho,2020,11,15,16,d,11/15/2020,0.573839662,0.263157895,9,0,0,0,0,111516
Illinois,2020,11,15,17,d,11/15/2020,0.914851485,1.049707602,9,0,0,0,0,111517
Indiana,2020,11,15,18,d,11/15/2020,1.110843373,0.199195171,9,0,0,0,0,111518
Iowa,2020,11,15,19,d,11/15/2020,1.0653789,0.468468468,9,0,0,0,0,111519
Kansas,2020,11,15,20,d,11/15/2020,1.107142857,0.664150943,9,0,0,0,0,111520
Kentucky,2020,11,15,21,d,11/15/2020,0.436842105,0.232824427,9,0,0,0,0,111521
Louisiana,2020,11,15,22,d,11/15/2020,1.787401575,0.080586081,9,0,0,0,0,111522
Maine,2020,11,15,23,d,11/15/2020,1.435897436,12.01886792,9,0,0,0,0,111523
Maryland,2020,11,15,24,d,11/15/2020,1.028985507,0.613636364,9,0,0,0,0,111524
Massachusetts,2020,11,15,25,d,11/15/2020,0.851851852,0.093851133,9,0,0,0,0,111525
Michigan,2020,11,15,26,d,11/15/2020,1.133757962,1.435294118,9,0,0,0,0,111526
Minnesota,2020,11,15,27,d,11/15/2020,1.529274005,0.97515528,9,0,0,0,0,111527
Mississippi,2020,11,15,28,d,11/15/2020,0.407692308,0.076233184,9,0,0,0,0,111528
Missouri,2020,11,15,29,d,11/15/2020,0.951653944,-0.03853211,9,0,0,0,0,111529
Montana,2020,11,15,30,d,11/15/2020,0.331557923,-0.138317757,9,0,0,0,0,111530
Nebraska,2020,11,15,31,d,11/15/2020,0.807228916,0.498746867,9,0,0,0,0,111531
Nevada,2020,11,15,32,d,11/15/2020,0.799256506,0.74691358,9,0,0,0,0,111532
New Hampshire,2020,11,15,33,d,11/15/2020,1.45972073,0,9,0,0,0,0,111533
New Jersey,2020,11,15,34,d,11/15/2020,1.205555556,0.981981982,9,0,0,0,0,111534
New Mexico,2020,11,15,35,d,11/15/2020,0.734972678,0.644278607,9,0,0,0,0,111535
New York,2020,11,15,36,d,11/15/2020,1.180952381,0.680473373,9,0,0,0,0,111536
North Carolina,2020,11,15,37,d,11/15/2020,0.14159292,-0.099337748,9,0,0,0,0,111537
North Dakota,2020,11,15,38,d,11/15/2020,0.299270073,0.304964539,9,0,0,0,0,111538
Ohio,2020,11,15,39,d,11/15/2020,1.294117647,1.109243697,9,0,0,0,0,111539
Oklahoma,2020,11,15,40,d,11/15/2020,1.42481203,-0.063400576,9,0,0,0,0,111540
Oregon,2020,11,15,41,d,11/15/2020,0.946428571,-0.136,9,0,0,0,0,111541
Pennsylvania,2020,11,15,42,d,11/15/2020,1.147727273,0.852272727,9,0,0,0,0,111542
Rhode Island,2020,11,15,44,d,11/15/2020,0.865591398,0.25,9,0,0,0,0,111544
South Carolina,2020,11,15,45,d,11/15/2020,0.333333333,-0.432795699,9,0,0,0,0,111545
South Dakota,2020,11,15,46,d,11/15/2020,0.229007634,0.74,9,0,0,0,0,111546
Tennessee,2020,11,15,47,d,11/15/2020,0.989864865,0.359030837,9,0,0,0,0,111547
Texas,2020,11,15,48,d,11/15/2020,0.557939914,0.582706767,9,0,0,0,0,111548
Utah,2020,11,15,49,d,11/15/2020,0.847358121,0.406417112,9,0,0,0,0,111549
Virginia,2020,11,15,51,d,11/15/2020,0.086092715,0.228346457,9,0,0,0,0,111551
Washington,2020,11,15,53,d,11/15/2020,1.227272727,0.192592593,9,0,0,0,0,111553
West Virginia,2020,11,15,54,d,11/15/2020,0.767932489,1.354243542,9,0,0,0,0,111554
Wisconsin,2020,11,15,55,d,11/15/2020,0.478696742,0.227272727,9,0,0,0,0,111555
Wyoming,2020,11,15,56,d,11/15/2020,0.933534743,0.579957356,9,0,0,0,0,111556
Alabama,2020,11,22,1,d,11/22/2020,0.512367491,0.885448916,10,0,0,0,0,11221
Alaska,2020,11,22,2,d,11/22/2020,0.266447368,4.005128205,10,0,0,0,0,11222
Arizona,2020,11,22,4,d,11/22/2020,1.043103448,-0.114206128,10,0,0,0,0,11224
Arkansas,2020,11,22,5,d,11/22/2020,0.376498801,0.371048253,10,0,0,0,0,11225
California,2020,11,22,6,d,11/22/2020,1.076388889,0.518181818,10,0,0,0,0,11226
Colorado,2020,11,22,8,d,11/22/2020,0.641366224,1.177777778,10,0,0,0,0,11228
Connecticut,2020,11,22,9,d,11/22/2020,0.855595668,0.659090909,10,0,0,0,0,11229
Delaware,2020,11,22,10,d,11/22/2020,1.032258065,0.504273504,10,0,0,0,0,112210
Florida,2020,11,22,12,d,11/22/2020,0.456790123,0.425339367,10,0,0,0,0,112212
Georgia,2020,11,22,13,d,11/22/2020,0.385964912,0.143396226,10,0,0,0,0,112213
Hawaii,2020,11,22,15,d,11/22/2020,-0.123409669,4,10,0,0,0,0,112215
Idaho,2020,11,22,16,d,11/22/2020,0.182677165,0.48125,10,0,0,0,0,112216
Illinois,2020,11,22,17,d,11/22/2020,0.289073306,0.961165049,10,1,0,1,1,112217
Indiana,2020,11,22,18,d,11/22/2020,0.547420965,0.491103203,10,0,0,0,0,112218
Iowa,2020,11,22,19,d,11/22/2020,0.036036036,0.901380671,10,0,0,0,0,112219
Kansas,2020,11,22,20,d,11/22/2020,0.514913658,0.123511905,10,0,0,0,0,112220
Kentucky,2020,11,22,21,d,11/22/2020,0.662531017,0.669064748,10,1,0,1,1,112221
Louisiana,2020,11,22,22,d,11/22/2020,1.975308642,0.162721893,10,0,0,0,0,112222
Maine,2020,11,22,23,d,11/22/2020,0.442307692,1.203389831,10,0,0,0,0,112223
Maryland,2020,11,22,24,d,11/22/2020,1.064864865,1.197183099,10,0,0,0,0,112224
Massachusetts,2020,11,22,25,d,11/22/2020,0.590909091,0.195583596,10,0,0,0,0,112225
Michigan,2020,11,22,26,d,11/22/2020,0.674778761,1.034383954,10,1,0,1,1,112226
Minnesota,2020,11,22,27,d,11/22/2020,0.54248366,0.858078603,10,1,0,1,1,112227
Mississippi,2020,11,22,28,d,11/22/2020,0.434343434,0.399122807,10,0,0,0,0,112228
Missouri,2020,11,22,29,d,11/22/2020,0.392294221,0.532163743,10,0,0,0,0,112229
Montana,2020,11,22,30,d,11/22/2020,0.378476421,0.057692308,10,0,0,0,0,112230
Nebraska,2020,11,22,31,d,11/22/2020,0.287128713,1.734375,10,0,0,0,0,112231
Nevada,2020,11,22,32,d,11/22/2020,0.608910891,0.58125,10,0,0,0,0,112232
New Hampshire,2020,11,22,33,d,11/22/2020,1.298507463,1.174603175,10,0,0,0,0,112233
New Jersey,2020,11,22,34,d,11/22/2020,0.784232365,1.595041322,10,0,0,0,0,112234
New Mexico,2020,11,22,35,d,11/22/2020,1.322456814,0.850079745,10,1,0,1,1,112235
New York,2020,11,22,36,d,11/22/2020,0.85915493,0.844660194,10,0,0,0,0,112236
North Carolina,2020,11,22,37,d,11/22/2020,0.469298246,0.032679739,10,0,0,0,0,112237
North Dakota,2020,11,22,38,d,11/22/2020,-0.040229885,-0.034653465,10,0,0,0,0,112238
Ohio,2020,11,22,39,d,11/22/2020,0.706806283,0.278625954,10,0,0,0,0,112239
Oklahoma,2020,11,22,40,d,11/22/2020,0.660592255,0.139880952,10,0,0,0,0,112240
Oregon,2020,11,22,41,d,11/22/2020,0.652941176,0.537878788,10,1,0,1,1,112241
Pennsylvania,2020,11,22,42,d,11/22/2020,1.16017316,1.515283843,10,0,0,0,0,112242
Rhode Island,2020,11,22,44,d,11/22/2020,0.845665962,0.738709677,10,0,0,0,0,112244
South Carolina,2020,11,22,45,d,11/22/2020,0.403755869,0.711191336,10,0,0,0,0,112245
South Dakota,2020,11,22,46,d,11/22/2020,-0.046153846,0.76875,10,0,0,0,0,112246
Tennessee,2020,11,22,47,d,11/22/2020,0.475369458,0.514,10,0,0,0,0,112247
Texas,2020,11,22,48,d,11/22/2020,0.395189003,0.442771084,10,0,0,0,0,112248
Utah,2020,11,22,49,d,11/22/2020,0.448467967,0.661691542,10,0,0,0,0,112249
Vermont,2020,11,22,50,d,11/22/2020,2.763919822,3,10,0,0,0,0,112250
Virginia,2020,11,22,51,d,11/22/2020,0.615853659,1.655172414,10,0,0,0,0,112251
Washington,2020,11,22,53,d,11/22/2020,0.554913295,0.189873418,10,1,0,1,1,112253
West Virginia,2020,11,22,54,d,11/22/2020,0.93594306,0.777158774,10,0,0,0,0,112254
Wisconsin,2020,11,22,55,d,11/22/2020,0.148036254,0.408831909,10,0,0,0,0,112255
Wyoming,2020,11,22,56,d,11/22/2020,0.581920904,0.186186186,10,0,0,0,0,112256
Alabama,2020,11,29,1,d,11/29/2020,0.041262136,-0.267782427,11,0,0,0,0,11291
Alaska,2020,11,29,2,d,11/29/2020,0.073453608,0.385826772,11,0,0,0,0,11292
Arizona,2020,11,29,4,d,11/29/2020,0.622641509,0.239852399,11,0,0,0,0,11294
Arkansas,2020,11,29,5,d,11/29/2020,-0.009451796,0.153017241,11,0,0,0,0,11295
California,2020,11,29,6,d,11/29/2020,0.763285024,0.466666667,11,0,0,0,0,11296
Colorado,2020,11,29,8,d,11/29/2020,-0.054522924,0.397368421,11,0,0,0,0,11298
Connecticut,2020,11,29,9,d,11/29/2020,0.05450237,1.018939394,11,0,0,0,0,11299
Delaware,2020,11,29,10,d,11/29/2020,0.563467492,0.223484848,11,0,0,0,0,112910
Florida,2020,11,29,12,d,11/29/2020,0.312727273,0.284090909,11,0,0,0,0,112912
Georgia,2020,11,29,13,d,11/29/2020,0.027559055,-0.224137931,11,0,0,0,0,112913
Hawaii,2020,11,29,15,d,11/29/2020,0.127240143,9.99009901,11,0,0,0,0,112915
Idaho,2020,11,29,16,d,11/29/2020,-0.054959786,0.013888889,11,0,0,0,0,112916
Illinois,2020,11,29,17,d,11/29/2020,-0.25336091,0.336661912,11,1,0,1,1,112917
Indiana,2020,11,29,18,d,11/29/2020,-0.079908676,0.352348993,11,0,0,0,0,112918
Iowa,2020,11,29,19,d,11/29/2020,-0.445323741,0.36809816,11,0,0,0,0,112919
Kansas,2020,11,29,20,d,11/29/2020,-0.011299435,0.324263039,11,0,0,0,0,112920
Kentucky,2020,11,29,21,d,11/29/2020,0.10989011,0.504643963,11,1,0,1,1,112921
Louisiana,2020,11,29,22,d,11/29/2020,0.04519774,0.53220339,11,0,0,0,0,112922
Maine,2020,11,29,23,d,11/29/2020,-0.082706767,0.152173913,11,0,0,0,0,112923
Maryland,2020,11,29,24,d,11/29/2020,0.203571429,1.117370892,11,0,0,0,0,112924
Massachusetts,2020,11,29,25,d,11/29/2020,0.071428571,0.286982249,11,0,0,0,0,112925
Michigan,2020,11,29,26,d,11/29/2020,0.041791045,0.352657005,11,1,0,1,1,112926
Minnesota,2020,11,29,27,d,11/29/2020,0,0.353773585,11,1,0,1,1,112927
Mississippi,2020,11,29,28,d,11/29/2020,0.128415301,0.3,11,0,0,0,0,112928
Missouri,2020,11,29,29,d,11/29/2020,-0.221642764,0.190839695,11,0,0,0,0,112929
Montana,2020,11,29,30,d,11/29/2020,-0.182,-0.057483731,11,0,0,0,0,112930
Nebraska,2020,11,29,31,d,11/29/2020,-0.125714286,0.098662207,11,0,0,0,0,112931
Nevada,2020,11,29,32,d,11/29/2020,0.539256198,0.932862191,11,0,0,0,0,112932
New Hampshire,2020,11,29,33,d,11/29/2020,0.323144105,0.4,11,0,0,0,0,112933
New Jersey,2020,11,29,34,d,11/29/2020,0.138539043,0.586363636,11,0,0,0,0,112934
New Mexico,2020,11,29,35,d,11/29/2020,0.450393701,0.603630862,11,1,0,1,1,112935
New York,2020,11,29,36,d,11/29/2020,0.441048035,0.725352113,11,0,0,0,0,112936
North Carolina,2020,11,29,37,d,11/29/2020,0.325581395,0.088235294,11,0,0,0,0,112937
North Dakota,2020,11,29,38,d,11/29/2020,-0.370786517,-0.184782609,11,0,0,0,0,112938
Ohio,2020,11,29,39,d,11/29/2020,0.316239316,0.964143426,11,0,0,0,0,112939
Oklahoma,2020,11,29,40,d,11/29/2020,0.187596899,0.132307692,11,0,0,0,0,112940
Oregon,2020,11,29,41,d,11/29/2020,0.389908257,1.666666667,11,1,0,1,1,112941
Pennsylvania,2020,11,29,42,d,11/29/2020,0.404761905,0.73006135,11,0,0,0,0,112942
Rhode Island,2020,11,29,44,d,11/29/2020,0.157060519,0.730864198,11,0,0,0,0,112944
South Carolina,2020,11,29,45,d,11/29/2020,0.003676471,-0.08056872,11,0,0,0,0,112945
South Dakota,2020,11,29,46,d,11/29/2020,-0.316770186,0.149425287,11,0,0,0,0,112946
Tennessee,2020,11,29,47,d,11/29/2020,-0.113752122,-0.04376013,11,0,0,0,0,112947
Texas,2020,11,29,48,d,11/29/2020,0.008264463,-0.042755344,11,0,0,0,0,112948
Utah,2020,11,29,49,d,11/29/2020,-0.215042373,0.269961977,11,0,0,0,0,112949
Virginia,2020,11,29,51,d,11/29/2020,0.853658537,0.288461538,11,0,0,0,0,112951
Washington,2020,11,29,53,d,11/29/2020,0.428571429,0.049689441,11,1,0,1,1,112953
West Virginia,2020,11,29,54,d,11/29/2020,0.241050119,-0.163009404,11,0,0,0,0,112954
Wisconsin,2020,11,29,55,d,11/29/2020,-0.31779661,-0.080808081,11,0,0,0,0,112955
Wyoming,2020,11,29,56,d,11/29/2020,-0.1640625,0.299595142,11,0,0,0,0,112956
Alabama,2020,12,6,1,d,12/6/2020,0.542056075,0.492610837,12,0,0,0,0,1261
Alaska,2020,12,6,2,d,12/6/2020,0.255844156,3.200819672,12,0,0,0,0,1262
Arizona,2020,12,6,4,d,12/6/2020,0.584388186,0.943396226,12,0,0,0,0,1264
Arkansas,2020,12,6,5,d,12/6/2020,0.210801394,0.091019417,12,0,0,0,0,1265
California,2020,12,6,6,d,12/6/2020,0.842809365,0.700598802,12,1,0,0,1,1266
Colorado,2020,12,6,8,d,12/6/2020,-0.070520231,0.734693878,12,0,0,0,0,1268
Connecticut,2020,12,6,9,d,12/6/2020,0.178988327,1.030136986,12,0,0,0,0,1269
Delaware,2020,12,6,10,d,12/6/2020,0.551020408,0.914772727,12,0,0,0,0,12610
Florida,2020,12,6,12,d,12/6/2020,0.228813559,0.428571429,12,0,0,0,0,12612
Georgia,2020,12,6,13,d,12/6/2020,0.310126582,0.452145215,12,0,0,0,0,12613
Hawaii,2020,12,6,15,d,12/6/2020,-0.039187228,0.801980198,12,0,0,0,0,12615
Idaho,2020,12,6,16,d,12/6/2020,0.042609854,0.29254571,12,0,0,0,0,12616
Illinois,2020,12,6,17,d,12/6/2020,-0.184549356,0.376237624,12,1,1,1,1,12617
Indiana,2020,12,6,18,d,12/6/2020,0.107526882,0.408114558,12,0,0,0,0,12618
Iowa,2020,12,6,19,d,12/6/2020,-0.370434783,0.493775934,12,0,0,0,0,12619
Kansas,2020,12,6,20,d,12/6/2020,-0.174093264,0.668874172,12,0,0,0,0,12620
Kentucky,2020,12,6,21,d,12/6/2020,0.174626866,0.454741379,12,1,1,1,1,12621
Louisiana,2020,12,6,22,d,12/6/2020,0.203319502,0.384223919,12,0,0,0,0,12622
Maine,2020,12,6,23,d,12/6/2020,0.306666667,2.273504274,12,0,0,0,0,12623
Maryland,2020,12,6,24,d,12/6/2020,0.151832461,0.673076923,12,0,0,0,0,12624
Massachusetts,2020,12,6,25,d,12/6/2020,0.716883117,0.540897098,12,0,0,0,0,12625
Michigan,2020,12,6,26,d,12/6/2020,-0.08322325,0.718309859,12,1,1,1,1,12626
Minnesota,2020,12,6,27,d,12/6/2020,-0.186440678,0.210340776,12,1,1,1,1,12627
Mississippi,2020,12,6,28,d,12/6/2020,0.481220657,0.166144201,12,0,0,0,0,12628
Missouri,2020,12,6,29,d,12/6/2020,-0.164779874,1.061068702,12,0,0,0,0,12629
Montana,2020,12,6,30,d,12/6/2020,-0.287719298,-0.222727273,12,0,0,0,0,12630
Nebraska,2020,12,6,31,d,12/6/2020,-0.158119658,0.342857143,12,0,0,0,0,12631
Nevada,2020,12,6,32,d,12/6/2020,0.28,0.632411067,12,0,0,0,0,12632
New Hampshire,2020,12,6,33,d,12/6/2020,0.464285714,1.912408759,12,0,0,0,0,12633
New Jersey,2020,12,6,34,d,12/6/2020,0.26744186,0.757961783,12,0,0,0,0,12634
New Mexico,2020,12,6,35,d,12/6/2020,-0.28677686,0.224137931,12,1,1,1,1,12635
New York,2020,12,6,36,d,12/6/2020,0.799242424,0.742105263,12,0,0,0,0,12636
North Carolina,2020,12,6,37,d,12/6/2020,0.337313433,0.287974684,12,0,0,0,0,12637
North Dakota,2020,12,6,38,d,12/6/2020,-0.51497006,-0.107692308,12,0,0,0,0,12638
Ohio,2020,12,6,39,d,12/6/2020,0.136503067,1.047761194,12,0,0,0,0,12639
Oklahoma,2020,12,6,40,d,12/6/2020,0.037037037,0.509138381,12,0,0,0,0,12640
Oregon,2020,12,6,41,d,12/6/2020,0.24911032,1.103448276,12,1,1,1,1,12641
Pennsylvania,2020,12,6,42,d,12/6/2020,0.396793587,0.909722222,12,0,0,0,0,12642
Rhode Island,2020,12,6,44,d,12/6/2020,0.26002291,0.677179963,12,1,0,0,0,12644
South Carolina,2020,12,6,45,d,12/6/2020,0.481605351,0.246835443,12,0,0,0,0,12645
South Dakota,2020,12,6,46,d,12/6/2020,-0.206451613,-0.045936396,12,0,0,0,0,12646
Tennessee,2020,12,6,47,d,12/6/2020,0.138564274,0.072655218,12,0,0,0,0,12647
Texas,2020,12,6,48,d,12/6/2020,0.209359606,0.323590814,12,0,0,0,0,12648
Utah,2020,12,6,49,d,12/6/2020,-0.075,-0.053892216,12,0,0,0,0,12649
Vermont,2020,12,6,50,d,12/6/2020,0.236686391,2.002183406,12,0,0,0,0,12650
Virginia,2020,12,6,51,d,12/6/2020,0.20754717,0.03030303,12,0,0,0,0,12651
Washington,2020,12,6,53,d,12/6/2020,0.197026022,1.367021277,12,1,1,1,1,12653
West Virginia,2020,12,6,54,d,12/6/2020,0.172794118,0.362068966,12,0,0,0,0,12654
Wisconsin,2020,12,6,55,d,12/6/2020,-0.311403509,0.142568251,12,0,0,0,0,12655
Wyoming,2020,12,6,56,d,12/6/2020,-0.325,0.316455696,12,0,0,0,0,12656
Alabama,2020,12,13,1,d,12/13/2020,0.748251748,0.774285714,13,0,0,0,0,12131
Alaska,2020,12,13,2,d,12/13/2020,-0.042016807,0.829545455,13,0,0,0,0,12132
Arizona,2020,12,13,4,d,12/13/2020,0.687984496,1.37797619,13,0,0,0,0,12134
Arkansas,2020,12,13,5,d,12/13/2020,0.335877863,1.523364486,13,0,0,0,0,12135
California,2020,12,13,6,d,12/13/2020,1.167123288,1.597402597,13,1,0,0,1,12136
Colorado,2020,12,13,8,d,12/13/2020,-0.115334207,1.542372881,13,0,0,0,0,12138
Connecticut,2020,12,13,9,d,12/13/2020,0.714606742,0.630393996,13,0,0,0,0,12139
Delaware,2020,12,13,10,d,12/13/2020,0.611881188,0.043343653,13,0,0,0,0,121310
Florida,2020,12,13,12,d,12/13/2020,0.249307479,0.351032448,13,0,0,0,0,121312
Georgia,2020,12,13,13,d,12/13/2020,1.088122605,0.133333333,13,0,0,0,0,121313
Hawaii,2020,12,13,15,d,12/13/2020,0.155802862,0.09009009,13,0,0,0,0,121315
Idaho,2020,12,13,16,d,12/13/2020,0.212765957,0.900684932,13,0,0,0,0,121316
Illinois,2020,12,13,17,d,12/13/2020,-0.040166205,0.462113127,13,1,1,1,1,121317
Indiana,2020,12,13,18,d,12/13/2020,0.155086849,0.476426799,13,0,0,0,0,121318
Iowa,2020,12,13,19,d,12/13/2020,-0.321660182,1.5,13,0,0,0,0,121319
Kansas,2020,12,13,20,d,12/13/2020,-0.045714286,1.397260274,13,0,0,0,0,121320
Kentucky,2020,12,13,21,d,12/13/2020,0.151815182,0.335390947,13,1,1,1,1,121321
Louisiana,2020,12,13,22,d,12/13/2020,0.451351351,0.590707965,13,0,0,0,0,121322
Maine,2020,12,13,23,d,12/13/2020,1.245901639,1.006289308,13,0,0,0,0,121323
Maryland,2020,12,13,24,d,12/13/2020,0.376854599,0.419068736,13,0,0,0,0,121324
Massachusetts,2020,12,13,25,d,12/13/2020,0.864,0.643678161,13,0,0,0,0,121325
Michigan,2020,12,13,26,d,12/13/2020,-0.212034384,0.488095238,13,1,1,1,1,121326
Minnesota,2020,12,13,27,d,12/13/2020,-0.344444444,0.358885017,13,1,1,1,1,121327
Mississippi,2020,12,13,28,d,12/13/2020,0.687651332,0.826923077,13,0,0,0,0,121328
Missouri,2020,12,13,29,d,12/13/2020,-0.013400335,0.272435897,13,0,0,0,0,121329
Montana,2020,12,13,30,d,12/13/2020,-0.112469438,0.265822785,13,0,0,0,0,121330
Nebraska,2020,12,13,31,d,12/13/2020,-0.259259259,0.97869102,13,0,0,0,0,121331
Nevada,2020,12,13,32,d,12/13/2020,0.166442953,0.919561243,13,0,0,0,0,121332
New Hampshire,2020,12,13,33,d,12/13/2020,1.145214521,1.789115646,13,0,0,0,0,121333
New Jersey,2020,12,13,34,d,12/13/2020,0.161504425,0.982808023,13,0,0,0,0,121334
New Mexico,2020,12,13,35,d,12/13/2020,-0.133550489,0.339622642,13,1,1,1,1,121335
New York,2020,12,13,36,d,12/13/2020,0.563636364,0.934693878,13,0,0,0,0,121336
North Carolina,2020,12,13,37,d,12/13/2020,0.657894737,0.273648649,13,0,0,0,0,121337
North Dakota,2020,12,13,38,d,12/13/2020,-0.18125,0.74,13,0,0,0,0,121338
Ohio,2020,12,13,39,d,12/13/2020,0.38961039,0.318458418,13,0,0,0,0,121339
Oklahoma,2020,12,13,40,d,12/13/2020,-0.001305483,0.649456522,13,0,0,0,0,121340
Oregon,2020,12,13,41,d,12/13/2020,0.04620462,0.46875,13,1,1,1,1,121341
Pennsylvania,2020,12,13,42,d,12/13/2020,0.514124294,1.429078014,13,1,0,0,1,121342
Rhode Island,2020,12,13,44,d,12/13/2020,0.457036115,0.840228245,13,1,0,0,0,121344
South Carolina,2020,12,13,45,d,12/13/2020,1.043956044,1.474226804,13,0,0,0,0,121345
South Dakota,2020,12,13,46,d,12/13/2020,-0.259090909,0.205,13,0,0,0,0,121346
Tennessee,2020,12,13,47,d,12/13/2020,1.049808429,0.830508475,13,0,0,0,0,121347
Texas,2020,12,13,48,d,12/13/2020,0.795081967,0.605459057,13,0,0,0,0,121348
Utah,2020,12,13,49,d,12/13/2020,0.112010796,0.547904192,13,0,0,0,0,121349
Vermont,2020,12,13,50,d,12/13/2020,0.564814815,2.995633188,13,0,0,0,0,121350
Virginia,2020,12,13,51,d,12/13/2020,0.476973684,0.756218905,13,0,0,0,0,121351
Washington,2020,12,13,53,d,12/13/2020,0.28,0.053254438,13,1,1,1,1,121353
West Virginia,2020,12,13,54,d,12/13/2020,0.259615385,0.947565543,13,0,0,0,0,121354
Wisconsin,2020,12,13,55,d,12/13/2020,-0.150310559,0.162393162,13,0,0,0,0,121355
Wyoming,2020,12,13,56,d,12/13/2020,-0.298130841,0.640706127,13,0,0,0,0,121356
Alabama,2020,12,20,1,d,12/20/2020,0.183333333,-0.080308031,14,0,0,0,0,12201
Alaska,2020,12,20,2,d,12/20/2020,-0.451913133,-0.665853659,14,0,0,0,0,12202
Arizona,2020,12,20,4,d,12/20/2020,0.174434088,0.957928803,14,0,0,0,0,12204
Arkansas,2020,12,20,5,d,12/20/2020,0.086330935,0.535038932,14,0,0,0,0,12205
California,2020,12,20,6,d,12/20/2020,0.960072595,1.154929577,14,1,1,0,1,12206
Colorado,2020,12,20,8,d,12/20/2020,-0.356965174,0.068627451,14,0,0,0,0,12208
Connecticut,2020,12,20,9,d,12/20/2020,0.059405941,0.179487179,14,0,0,0,0,12209
Delaware,2020,12,20,10,d,12/20/2020,0.105263158,1.002967359,14,0,0,0,0,122010
Florida,2020,12,20,12,d,12/20/2020,0.156321839,0.037777778,14,0,0,0,0,122012
Georgia,2020,12,20,13,d,12/20/2020,0.43236715,-0.159090909,14,0,0,0,0,122013
Hawaii,2020,12,20,15,d,12/20/2020,0.50755287,-0.556593407,14,0,0,0,0,122015
Idaho,2020,12,20,16,d,12/20/2020,-0.102171137,-0.087051143,14,0,0,0,0,122016
Illinois,2020,12,20,17,d,12/20/2020,-0.235526316,-0.136690647,14,1,1,1,1,122017
Indiana,2020,12,20,18,d,12/20/2020,-0.197087379,0.076271186,14,0,0,0,0,122018
Iowa,2020,12,20,19,d,12/20/2020,-0.306629834,0.194444444,14,0,0,0,0,122019
Kansas,2020,12,20,20,d,12/20/2020,-0.076537014,0.047619048,14,0,0,0,0,122020
Kentucky,2020,12,20,21,d,12/20/2020,-0.261753494,0.004444444,14,0,0,0,0,122021
Louisiana,2020,12,20,22,d,12/20/2020,-0.070689655,0.264705882,14,0,0,0,0,122022
Maine,2020,12,20,23,d,12/20/2020,0.637755102,-0.028720627,14,0,0,0,0,122023
Maryland,2020,12,20,24,d,12/20/2020,-0.136363636,0.498084291,14,0,0,0,0,122024
Massachusetts,2020,12,20,25,d,12/20/2020,0.033282905,0.306506849,14,0,0,0,0,122025
Michigan,2020,12,20,26,d,12/20/2020,-0.364553314,0.032786885,14,1,1,1,1,122026
Minnesota,2020,12,20,27,d,12/20/2020,-0.511458333,0,14,1,1,1,1,122027
Mississippi,2020,12,20,28,d,12/20/2020,0.133122029,0.357526882,14,0,0,0,0,122028
Missouri,2020,12,20,29,d,12/20/2020,-0.192771084,0.083333333,14,0,0,0,0,122029
Montana,2020,12,20,30,d,12/20/2020,-0.363300493,-0.265497076,14,0,0,0,0,122030
Nebraska,2020,12,20,31,d,12/20/2020,-0.439593909,-0.392198582,14,0,0,0,0,122031
Nevada,2020,12,20,32,d,12/20/2020,-0.067307692,0.355932203,14,0,0,0,0,122032
New Hampshire,2020,12,20,33,d,12/20/2020,0.301552106,0.395989975,14,0,0,0,0,122033
New Jersey,2020,12,20,34,d,12/20/2020,-0.056880734,0.291666667,14,0,0,0,0,122034
New Mexico,2020,12,20,35,d,12/20/2020,-0.195828505,0.028169014,14,1,1,1,1,122035
New York,2020,12,20,36,d,12/20/2020,0.090526316,0.81570997,14,0,0,0,0,122036
North Carolina,2020,12,20,37,d,12/20/2020,0.314732143,0.351351351,14,0,0,0,0,122037
North Dakota,2020,12,20,38,d,12/20/2020,-0.498765432,-0.149425287,14,0,0,0,0,122038
Ohio,2020,12,20,39,d,12/20/2020,-0.009446694,-0.011661808,14,0,0,0,0,122039
Oklahoma,2020,12,20,40,d,12/20/2020,0.105820106,-0.076124567,14,0,0,0,0,122040
Oregon,2020,12,20,41,d,12/20/2020,-0.125356125,0.451990632,14,1,1,1,1,122041
Pennsylvania,2020,12,20,42,d,12/20/2020,0.025824964,0.372727273,14,1,0,0,1,122042
Rhode Island,2020,12,20,44,d,12/20/2020,-0.142727273,0.725663717,14,1,1,0,0,122044
South Carolina,2020,12,20,45,d,12/20/2020,0.32731377,-0.079526227,14,0,0,0,0,122045
South Dakota,2020,12,20,46,d,12/20/2020,-0.394308943,-0.388888889,14,0,0,0,0,122046
Tennessee,2020,12,20,47,d,12/20/2020,0.935483871,0.551724138,14,0,0,0,0,122047
Texas,2020,12,20,48,d,12/20/2020,0.134419552,0.124605678,14,0,0,0,0,122048
Utah,2020,12,20,49,d,12/20/2020,-0.20997921,0.411392405,14,0,0,0,0,122049
Vermont,2020,12,20,50,d,12/20/2020,-0.244019139,0.330909091,14,0,0,0,0,122050
Virginia,2020,12,20,51,d,12/20/2020,0.303125,0.680672269,14,0,0,0,0,122051
Washington,2020,12,20,53,d,12/20/2020,0.027950311,-0.471910112,14,1,1,1,1,122053
West Virginia,2020,12,20,54,d,12/20/2020,0.139498433,0.472957422,14,0,0,0,0,122054
Wisconsin,2020,12,20,55,d,12/20/2020,-0.257324841,-0.12920354,14,0,0,0,0,122055
Wyoming,2020,12,20,56,d,12/20/2020,-0.398941799,-0.2875,14,0,0,0,0,122056
Alabama,2020,12,27,1,d,12/27/2020,-0.1,0.417069243,15,0,0,0,0,12271
Alaska,2020,12,27,2,d,12/27/2020,-0.535087719,-0.51552795,15,0,0,0,0,12272
Arizona,2020,12,27,4,d,12/27/2020,-0.079219288,0.120150188,15,0,0,0,0,12274
Arkansas,2020,12,27,5,d,12/27/2020,-0.105714286,-0.140740741,15,0,0,0,0,12275
California,2020,12,27,6,d,12/27/2020,0.264222503,0.3975,15,1,1,0,1,12276
Colorado,2020,12,27,8,d,12/27/2020,-0.420740741,-0.559259259,15,0,0,0,0,12278
Connecticut,2020,12,27,9,d,12/27/2020,-0.47706422,-0.032220944,15,0,0,0,0,12279
Delaware,2020,12,27,10,d,12/27/2020,-0.199017199,0.522255193,15,0,0,0,0,122710
Florida,2020,12,27,12,d,12/27/2020,0.037694013,-0.065502183,15,0,0,0,0,122712
Georgia,2020,12,27,13,d,12/27/2020,0.058715596,0.131652661,15,0,0,0,0,122713
Hawaii,2020,12,27,15,d,12/27/2020,0.072902338,-0.749586777,15,0,0,0,0,122715
Idaho,2020,12,27,16,d,12/27/2020,-0.416374269,-0.473873874,15,0,0,0,0,122716
Illinois,2020,12,27,17,d,12/27/2020,-0.385281385,-0.233576642,15,1,1,1,1,122717
Indiana,2020,12,27,18,d,12/27/2020,-0.326530612,-0.216806723,15,0,0,0,0,122718
Iowa,2020,12,27,19,d,12/27/2020,-0.309751434,-0.683408072,15,0,0,0,0,122719
Kansas,2020,12,27,20,d,12/27/2020,-0.441916168,-0.418571429,15,0,0,0,0,122720
Kentucky,2020,12,27,21,d,12/27/2020,-0.356733524,-0.11248074,15,0,0,0,0,122721
Louisiana,2020,12,27,22,d,12/27/2020,-0.223463687,0.063977747,15,0,0,0,0,122722
Maine,2020,12,27,23,d,12/27/2020,0.138686131,0.031347962,15,0,0,0,0,122723
Maryland,2020,12,27,24,d,12/27/2020,-0.165948276,-0.025,15,0,0,0,0,122724
Massachusetts,2020,12,27,25,d,12/27/2020,-0.134477825,0.13986014,15,0,0,0,0,122725
Michigan,2020,12,27,26,d,12/27/2020,-0.476363636,-0.2976,15,0,0,0,0,122726
Minnesota,2020,12,27,27,d,12/27/2020,-0.580508475,-0.357264957,15,1,1,1,1,122727
Mississippi,2020,12,27,28,d,12/27/2020,-0.169296987,-0.170175439,15,0,0,0,0,122728
Missouri,2020,12,27,29,d,12/27/2020,-0.290322581,0.154911839,15,0,0,0,0,122729
Montana,2020,12,27,30,d,12/27/2020,-0.519283747,-0.282727273,15,0,0,0,0,122730
Nebraska,2020,12,27,31,d,12/27/2020,-0.382352941,-0.551538462,15,0,0,0,0,122731
Nevada,2020,12,27,32,d,12/27/2020,-0.283084005,-0.20952381,15,0,0,0,0,122732
New Hampshire,2020,12,27,33,d,12/27/2020,-0.310769231,0.331707317,15,0,0,0,0,122733
New Jersey,2020,12,27,34,d,12/27/2020,-0.121904762,0.01300578,15,0,0,0,0,122734
New Mexico,2020,12,27,35,d,12/27/2020,-0.319548872,-0.147887324,15,1,1,1,1,122735
New York,2020,12,27,36,d,12/27/2020,0.09496124,0.523206751,15,0,0,0,0,122736
North Carolina,2020,12,27,37,d,12/27/2020,-0.097001764,0.204244032,15,0,0,0,0,122737
North Dakota,2020,12,27,38,d,12/27/2020,-0.707742639,-0.74137931,15,0,0,0,0,122738
Ohio,2020,12,27,39,d,12/27/2020,-0.455140187,-0.130769231,15,0,0,0,0,122739
Oklahoma,2020,12,27,40,d,12/27/2020,-0.135947712,-0.060955519,15,0,0,0,0,122740
Oregon,2020,12,27,41,d,12/27/2020,-0.27444795,-0.238770686,15,1,1,1,1,122741
Pennsylvania,2020,12,27,42,d,12/27/2020,-0.246268657,-0.124087591,15,1,1,0,1,122742
Rhode Island,2020,12,27,44,d,12/27/2020,-0.509401709,-0.170542636,15,0,0,0,0,122744
South Carolina,2020,12,27,45,d,12/27/2020,0.132616487,0.270833333,15,0,0,0,0,122745
South Dakota,2020,12,27,46,d,12/27/2020,-0.472392638,-0.43153527,15,0,0,0,0,122746
Tennessee,2020,12,27,47,d,12/27/2020,-0.151401869,-0.139814815,15,0,0,0,0,122747
Texas,2020,12,27,48,d,12/27/2020,-0.263318113,-0.115919629,15,0,0,0,0,122748
Utah,2020,12,27,49,d,12/27/2020,-0.247572816,-0.491295938,15,0,0,0,0,122749
Vermont,2020,12,27,50,d,12/27/2020,-0.207100592,0,15,0,0,0,0,122750
Virginia,2020,12,27,51,d,12/27/2020,-0.004454343,-0.033994334,15,0,0,0,0,122751
Washington,2020,12,27,53,d,12/27/2020,-0.415178571,0.191011236,15,1,1,1,1,122753
West Virginia,2020,12,27,54,d,12/27/2020,0.018320611,-0.038461538,15,0,0,0,0,122754
Wisconsin,2020,12,27,55,d,12/27/2020,-0.43128655,-0.234243697,15,0,0,0,0,122755
Wyoming,2020,12,27,56,d,12/27/2020,-0.494007989,-0.656329114,15,0,0,0,0,122756
